name,current_price,original_price,discount_rate,review_count,rating_average,brand,battery,bluetooth,camera_primary,camera_secondary,GPU,chip_set,NFC,CPU,display_type,GPS,internet,accessories,model,jack_3.5mm,sim_type,charging_port,weight,camera_video,RAM,ROM,screen_size,wifi,source,category,category_id,url,image_url,thumbnails
APPLE IPHONE 16 Pro Max 256GB (CTY),33290000,34990000,5,0,0,iphone,N/A,Bluetooth 5.3,"Fusion 48MP, Ultra Wide 48MP, Telephoto 5x 12MP",12MP,GPU 6 lõi mới,CPU 6 lõi mới với 2 lõi hiệu năng và 4 lõi tiết kiệm điện,N/A,Chip A18 Pro,Super Retina XDR,"GPS tần số kép chuẩn xác (GPS, GLONASS, Galileo, QZSS, BeiDou và NavIC)",N/A,N/A,iOS 18,N/A,N/A,USB‑C - USB 3 (lên đến 10Gb/s)11,N/A,N/A,Đang cập nhật,256GB,OLED 6.9 inch,N/A,didongviet.vn,dien-thoai,mobiles,https://didongviet.vn/dien-thoai/iphone-16-pro-max-256gb,"https://cdn-v2.didongviet.vn/files/products/2024/9/2/1/1727855468669_thumb_iphone_16_pro_didongviet.jpg,https://cdn-v2.didongviet.vn/files/products/2024/8/10/1/1725964014451_2_iphone_16_pro_sa_mac_didongviet.jpg,https://cdn-v2.didongviet.vn/files/products/2024/8/10/1/1725964016923_3_iphone_16_pro_sa_mac_didongviet.jpg,https://cdn-v2.didongviet.vn/files/products/2024/8/10/1/1725964018681_4_iphone_16_pro_sa_mac_didongviet.jpg,https://cdn-v2.didongviet.vn/files/products/2024/8/10/1/1725964023851_5_iphone_16_pro_den_didongviet.jpg,https://cdn-v2.didongviet.vn/files/products/2024/8/10/1/1725964026308_6_iphone_16_pro_den_didongviet.jpg,https://cdn-v2.didongviet.vn/files/products/2024/8/10/1/1725964028743_7_iphone_16_pro_den_didongviet.jpg,https://cdn-v2.didongviet.vn/files/products/2024/8/10/1/1725964038488_9_iphone_16_pro_den_didongviet.jpg,https://cdn-v2.didongviet.vn/files/products/2024/8/10/1/1725964033098_8_iphone_16_pro_sa_mac_didongviet.jpg",https://cdn-v2.didongviet.vn/files/products/2024/9/2/1/1727855468669_thumb_iphone_16_pro_didongviet.jpg
APPLE IPHONE 16 128GB (CTY),21590000,22990000,6,0,0,iphone,N/A,N/A,N/A,N/A,N/A,N/A,N/A,N/A,N/A,N/A,N/A,N/A,N/A,N/A,N/A,N/A,N/A,N/A,N/A,N/A,OLED 6.1 inch,N/A,didongviet.vn,dien-thoai,mobiles,https://didongviet.vn/dien-thoai/iphone-16-128gb,"https://cdn-v2.didongviet.vn/files/products/2024/9/2/1/1727854642416_thumb_iphone_16_didongviet.jpg,https://cdn-v2.didongviet.vn/files/products/2024/8/10/1/1725957892293_2_iphone_16_xanh_duong_didongviet.jpg,https://cdn-v2.didongviet.vn/files/products/2024/8/10/1/1725957895190_3_iphone_16_xanh_duong_didongviet.jpg,https://cdn-v2.didongviet.vn/files/products/2024/8/10/1/1725957897843_4_iphone_16_xanh_duong_didongviet.jpg,https://cdn-v2.didongviet.vn/files/products/2024/8/10/1/1725957903667_5_iphone_16_den_didongviet.jpg,https://cdn-v2.didongviet.vn/files/products/2024/8/10/1/1725957907055_6_iphone_16_den_didongviet.jpg,https://cdn-v2.didongviet.vn/files/products/2024/8/10/1/1725957909830_7_iphone_16_den_didongviet.jpg,https://cdn-v2.didongviet.vn/files/products/2024/8/10/1/1725957921565_9_iphone_16_den_didongviet.jpg,https://cdn-v2.didongviet.vn/files/products/2024/8/10/1/1725957915770_8_iphone_16_xanh_duong_didongviet.jpg",https://cdn-v2.didongviet.vn/files/products/2024/9/2/1/1727854642416_thumb_iphone_16_didongviet.jpg
APPLE IPHONE 16 Pro 256GB (CTY),31290000,31990000,2,0,0,iphone,N/A,N/A,N/A,N/A,N/A,N/A,N/A,N/A,Super Retina XDR,N/A,N/A,N/A,N/A,N/A,N/A,N/A,N/A,N/A,N/A,N/A,OLED 6.3 inch,N/A,didongviet.vn,dien-thoai,mobiles,https://didongviet.vn/dien-thoai/iphone-16-pro-256gb,"https://cdn-v2.didongviet.vn/files/products/2024/9/2/1/1727855652244_thumb_iphone_16_pro_trang_didongviet.jpg,https://cdn-v2.didongviet.vn/files/products/2024/8/12/1/1726107887597_2_iphone_16_pro_trang_didongviet.jpg,https://cdn-v2.didongviet.vn/files/products/2024/8/12/1/1726107891317_3_iphone_16_pro_trang_didongviet.jpg,https://cdn-v2.didongviet.vn/files/products/2024/8/12/1/1726107898707_4_iphone_16_pro_trang_didongviet.jpg,https://cdn-v2.didongviet.vn/files/products/2024/8/10/1/1725962714479_5_iphone_16_pro_den_didongviet.jpg,https://cdn-v2.didongviet.vn/files/products/2024/8/10/1/1725962717110_6_iphone_16_pro_den_didongviet.jpg,https://cdn-v2.didongviet.vn/files/products/2024/8/10/1/1725962719163_7_iphone_16_pro_den_didongviet.jpg,https://cdn-v2.didongviet.vn/files/products/2024/8/10/1/1725962723686_9_iphone_16_pro_den_didongviet.jpg,https://cdn-v2.didongviet.vn/files/products/2024/8/12/1/1726107903970_8_iphone_16_pro_trang_didongviet.jpg",https://cdn-v2.didongviet.vn/files/products/2024/9/2/1/1727855652244_thumb_iphone_16_pro_trang_didongviet.jpg
APPLE IPHONE 16 PLus 128GB (CTY),24890000,25990000,4,0,0,iphone,N/A,N/A,N/A,N/A,N/A,N/A,N/A,N/A,Super Retina XDR,N/A,N/A,N/A,N/A,N/A,N/A,N/A,N/A,N/A,N/A,N/A,OLED 6.7 inch,N/A,didongviet.vn,dien-thoai,mobiles,https://didongviet.vn/dien-thoai/iphone-16-plus-128gb,"https://cdn-v2.didongviet.vn/files/products/2024/9/2/1/1727855077401_thumb_iphone_16_plus_didongviet.jpg,https://cdn-v2.didongviet.vn/files/products/2024/8/12/1/1726107645800_2_iphone_16_xanh_la_didongviet.jpg,https://cdn-v2.didongviet.vn/files/products/2024/8/12/1/1726107649885_3_iphone_16_xanh_la_didongviet.jpg,https://cdn-v2.didongviet.vn/files/products/2024/8/12/1/1726107657711_4_iphone_16_xanh_la_didongviet.jpg,https://cdn-v2.didongviet.vn/files/products/2024/8/10/1/1725960028730_5_iphone_16_den_didongviet.jpg,https://cdn-v2.didongviet.vn/files/products/2024/8/10/1/1725960031185_6_iphone_16_den_didongviet.jpg,https://cdn-v2.didongviet.vn/files/products/2024/8/10/1/1725960033433_7_iphone_16_den_didongviet.jpg,https://cdn-v2.didongviet.vn/files/products/2024/8/10/1/1725960043994_9_iphone_16_den_didongviet.jpg,https://cdn-v2.didongviet.vn/files/products/2024/8/12/1/1726107663210_8_iphone_16_xanh_la_didongviet.jpg",https://cdn-v2.didongviet.vn/files/products/2024/9/2/1/1727855077401_thumb_iphone_16_plus_didongviet.jpg
SAMSUNG GALAXY A55 5G SM-A556F/DS 8GB/128GB (CTY) (ĐÃ KÍCH HOẠT),8690000,9990000,13,0,0,samsung,N/A,N/A,N/A,N/A,N/A,N/A,N/A,N/A,Super AMOLED,N/A,N/A,N/A,N/A,N/A,N/A,N/A,N/A,N/A,N/A,N/A,6.6 inch - Tần số quét 120Hz,N/A,didongviet.vn,dien-thoai,mobiles,https://didongviet.vn/dien-thoai/samsung-galaxy-a55-5g-128gb-bhdt,"https://cdn-v2.didongviet.vn/files/products/2024/3/18/1/1713423253960_samsung_galaxy_a55_didongviet_xanh_6.png,https://cdn-v2.didongviet.vn/files/products/2024/3/18/1/1713423221733_samsung_galaxy_a55_didongviet_xanhden_8.png,https://cdn-v2.didongviet.vn/files/products/2024/3/18/1/1713423230403_samsung_a55_tim_didongviet.png",https://cdn-v2.didongviet.vn/files/products/2024/3/18/1/1713423253960_samsung_galaxy_a55_didongviet_xanh_6.png
APPLE IPHONE 16 256GB (CTY),24390000,25990000,6,0,0,iphone,N/A,N/A,N/A,N/A,N/A,N/A,N/A,N/A,Super Retina XDR,N/A,N/A,N/A,N/A,N/A,N/A,N/A,N/A,N/A,N/A,N/A,OLED 6.1 inch,N/A,didongviet.vn,dien-thoai,mobiles,https://didongviet.vn/dien-thoai/iphone-16-256gb,"https://cdn-v2.didongviet.vn/files/products/2024/9/2/1/1727854664186_thumb_iphone_16_didongviet.jpg,https://cdn-v2.didongviet.vn/files/products/2024/8/10/1/1725958585614_2_iphone_16_xanh_duong_didongviet.jpg,https://cdn-v2.didongviet.vn/files/products/2024/8/10/1/1725958588098_3_iphone_16_xanh_duong_didongviet.jpg,https://cdn-v2.didongviet.vn/files/products/2024/8/10/1/1725958596978_4_iphone_16_xanh_duong_didongviet.jpg,https://cdn-v2.didongviet.vn/files/products/2024/8/10/1/1725958608800_5_iphone_16_den_didongviet.jpg,https://cdn-v2.didongviet.vn/files/products/2024/8/10/1/1725958611777_6_iphone_16_den_didongviet.jpg,https://cdn-v2.didongviet.vn/files/products/2024/8/10/1/1725958614296_7_iphone_16_den_didongviet.jpg,https://cdn-v2.didongviet.vn/files/products/2024/8/10/1/1725958627347_9_iphone_16_den_didongviet.jpg,https://cdn-v2.didongviet.vn/files/products/2024/8/10/1/1725958619928_8_iphone_16_xanh_duong_didongviet.jpg",https://cdn-v2.didongviet.vn/files/products/2024/9/2/1/1727854664186_thumb_iphone_16_didongviet.jpg
APPLE IPHONE 16 PLus 256GB (CTY),27490000,28990000,5,0,0,iphone,N/A,N/A,N/A,N/A,N/A,N/A,N/A,N/A,Super Retina XDR,N/A,N/A,N/A,N/A,N/A,N/A,N/A,N/A,N/A,N/A,N/A,OLED 6.7 inch,N/A,didongviet.vn,dien-thoai,mobiles,https://didongviet.vn/dien-thoai/iphone-16-plus-256gb,"https://cdn-v2.didongviet.vn/files/products/2024/9/2/1/1727855113263_thumb_iphone_16_plus_didongviet.jpg,https://cdn-v2.didongviet.vn/files/products/2024/8/12/1/1726107731651_2_iphone_16_xanh_la_didongviet.jpg,https://cdn-v2.didongviet.vn/files/products/2024/8/12/1/1726107734840_3_iphone_16_xanh_la_didongviet.jpg,https://cdn-v2.didongviet.vn/files/products/2024/8/12/1/1726107738939_4_iphone_16_xanh_la_didongviet.jpg,https://cdn-v2.didongviet.vn/files/products/2024/8/10/1/1725960469018_5_iphone_16_den_didongviet.jpg,https://cdn-v2.didongviet.vn/files/products/2024/8/10/1/1725960472908_6_iphone_16_den_didongviet.jpg,https://cdn-v2.didongviet.vn/files/products/2024/8/10/1/1725960474966_7_iphone_16_den_didongviet.jpg,https://cdn-v2.didongviet.vn/files/products/2024/8/10/1/1725960479148_9_iphone_16_den_didongviet.jpg,https://cdn-v2.didongviet.vn/files/products/2024/8/12/1/1726107745077_8_iphone_16_xanh_la_didongviet.jpg",https://cdn-v2.didongviet.vn/files/products/2024/9/2/1/1727855113263_thumb_iphone_16_plus_didongviet.jpg
APPLE IPHONE 16 Pro Max 512GB (CTY),39190000,40990000,4,0,0,iphone,N/A,Bluetooth 5.3,"Fusion 48MP, Ultra Wide 48MP, Telephoto 5x 12MP",12MP,GPU 6 lõi mới,CPU 6 lõi mới với 2 lõi hiệu năng và 4 lõi tiết kiệm điện,N/A,Chip A18 Pro,Super Retina XDR,"GPS tần số kép chuẩn xác (GPS, GLONASS, Galileo, QZSS, BeiDou và NavIC)",N/A,N/A,iOS 18,N/A,SIM kép (nano-SIM và eSIM) - Hỗ trợ hai eSIM,USB‑C - USB 3 (lên đến 10Gb/s)11,N/A,N/A,Đang cập nhật,512GB,OLED 6.9 inch,Wi‑Fi 7 (802.11be) với 2x2 MIMO,didongviet.vn,dien-thoai,mobiles,https://didongviet.vn/dien-thoai/iphone-16-pro-max-512gb,"https://cdn-v2.didongviet.vn/files/products/2024/9/2/1/1727855505378_thumb_iphone_16_pro_didongviet.jpg,https://cdn-v2.didongviet.vn/files/products/2024/8/10/1/1725964321138_2_iphone_16_pro_sa_mac_didongviet.jpg,https://cdn-v2.didongviet.vn/files/products/2024/8/10/1/1725964327453_3_iphone_16_pro_sa_mac_didongviet.jpg,https://cdn-v2.didongviet.vn/files/products/2024/8/10/1/1725964329464_4_iphone_16_pro_sa_mac_didongviet.jpg,https://cdn-v2.didongviet.vn/files/products/2024/8/10/1/1725964334889_5_iphone_16_pro_den_didongviet.jpg,https://cdn-v2.didongviet.vn/files/products/2024/8/10/1/1725964337302_6_iphone_16_pro_den_didongviet.jpg,https://cdn-v2.didongviet.vn/files/products/2024/8/10/1/1725964339166_7_iphone_16_pro_den_didongviet.jpg,https://cdn-v2.didongviet.vn/files/products/2024/8/10/1/1725964341614_9_iphone_16_pro_den_didongviet.jpg,https://cdn-v2.didongviet.vn/files/products/2024/8/10/1/1725964383935_8_iphone_16_pro_sa_mac_didongviet.jpg",https://cdn-v2.didongviet.vn/files/products/2024/9/2/1/1727855505378_thumb_iphone_16_pro_didongviet.jpg
APPLE IPHONE 15 128GB (CTY),19290000,24990000,23,0,0,iphone,N/A,N/A,N/A,N/A,N/A,N/A,N/A,N/A,Super Retina XDR  OLED,N/A,N/A,N/A,N/A,N/A,N/A,N/A,N/A,N/A,N/A,N/A,6.1inch,N/A,didongviet.vn,dien-thoai,mobiles,https://didongviet.vn/dien-thoai/iphone-15-128gb,"https://cdn-v2.didongviet.vn/files/products/2023/8/29/1/1695953279709_thumb_iphone_15_didongviet.jpg,https://cdn-v2.didongviet.vn/files/products/2023/8/13/1/1694575075194_3_iphone_15_hong_didongviet.jpg,https://cdn-v2.didongviet.vn/files/products/2023/8/13/1/1694575073396_2_iphone_15_hong_didongviet.jpg,https://cdn-v2.didongviet.vn/files/products/2023/8/13/1/1694575079321_5_iphone_15_hong_didongviet.jpg,https://cdn-v2.didongviet.vn/files/products/2023/8/13/1/1694575076969_4_iphone_15_hong_didongviet.jpg,https://cdn-v2.didongviet.vn/files/products/2023/8/13/1/1694575081008_6_iphone_15_hong_didongviet.jpg,https://cdn-v2.didongviet.vn/files/products/2023/8/13/1/1694575082894_7_iphone_15_hong_didongviet.jpg,https://cdn-v2.didongviet.vn/files/products/2023/8/13/1/1694575084856_8_iphone_15_hong_didongviet.jpg,https://cdn-v2.didongviet.vn/files/products/2023/8/13/1/1694575087880_9_iphone_15_hong_didongviet.jpg",https://cdn-v2.didongviet.vn/files/products/2023/8/29/1/1695953279709_thumb_iphone_15_didongviet.jpg
SAMSUNG GALAXY A55 5G SM-A556F/DS 8GB/128GB (CTY),9490000,9990000,5,0,0,samsung,N/A,N/A,N/A,N/A,N/A,N/A,N/A,N/A,Super AMOLED,N/A,N/A,N/A,N/A,N/A,N/A,N/A,N/A,N/A,N/A,N/A,6.6 inch - Tần số quét 120Hz,N/A,didongviet.vn,dien-thoai,mobiles,https://didongviet.vn/dien-thoai/samsung-galaxy-a55-5g,"https://cdn-v2.didongviet.vn/files/products/2024/5/5/1/1717588341388_samsung_a55_didongviet.png,https://cdn-v2.didongviet.vn/files/products/2024/5/5/1/1717588354353_samsung_a55_didongviet_2.png,https://cdn-v2.didongviet.vn/files/products/2024/5/5/1/1717588361127_samsung_a55_didongviet_1.png,https://cdn-v2.didongviet.vn/files/products/2024/9/23/1/1729667626398_gallery_1280x720.jpg",https://cdn-v2.didongviet.vn/files/products/2024/5/5/1/1717588341388_samsung_a55_didongviet.png
APPLE IPHONE 15 PRO MAX 256GB (CTY),28590000,38990000,27,0,0,iphone,N/A,N/A,N/A,N/A,N/A,N/A,N/A,N/A,N/A,N/A,N/A,N/A,N/A,N/A,N/A,N/A,N/A,N/A,N/A,N/A,N/A,N/A,didongviet.vn,dien-thoai,mobiles,https://didongviet.vn/dien-thoai/iphone-15-pro-max-256gb,"https://cdn-v2.didongviet.vn/files/products/2023/8/29/1/1695953606803_thumb_iphone_15_pro_didongviet.jpg,https://cdn-v2.didongviet.vn/files/products/2023/8/13/1/1694546055406_2_iphone_15_pro_xam_didongviet.jpg,https://cdn-v2.didongviet.vn/files/products/2023/8/13/1/1694546059509_3_iphone_15_pro_xam_didongviet.jpg,https://cdn-v2.didongviet.vn/files/products/2023/8/13/1/1694546061910_4_iphone_15_pro_xam_didongviet.jpg,https://cdn-v2.didongviet.vn/files/products/2023/8/13/1/1694546068227_5_thumb_iphone_15_pro_didongviet.jpg,https://cdn-v2.didongviet.vn/files/products/2023/8/13/1/1694546074481_5_iphone_15_pro_xam_didongviet.jpg,https://cdn-v2.didongviet.vn/files/products/2023/8/13/1/1694546082810_8_thumb_iphone_15_pro_didongviet.jpg,https://cdn-v2.didongviet.vn/files/products/2023/8/13/1/1694546088730_9_thumb_iphone_15_pro_didongviet.jpg,https://cdn-v2.didongviet.vn/files/products/2023/8/13/1/1694546085860_7_thumb_iphone_15_pro_didongviet.jpg",https://cdn-v2.didongviet.vn/files/products/2023/8/29/1/1695953606803_thumb_iphone_15_pro_didongviet.jpg
APPLE IPHONE 11 128GB (CTY),9790000,16990000,42,0,0,iphone,3110 mAh,"5.0, A2DP, LE",12 MP + 12 MP,"12 MP, f/2.2",N/A,N/A,N/A,Apple A13 Bionic (7 nm+),IPS LCD,"A-GPS, GLONASS, GALILEO, QZSS",N/A,N/A,iOS 13,N/A,Nano SIM,N/A,194 g,"2160p@24/30/60fps, 1080p@30/60/120/240fps, HDR, stereo sound rec.",4 GB,128 GB,6.1 inches,"Wi-Fi 802.11 a/b/g/n/ac/ax, dual-band, hotspot",didongviet.vn,dien-thoai,mobiles,https://didongviet.vn/dien-thoai/iphone-11-128gb-chinh-hang-vna,"https://cdn-v2.didongviet.vn/files/products/2023/4/9/1/1683605592281_thumb_iphone_11_didongviet.jpg,https://cdn-v2.didongviet.vn/files/media/catalog/product/i/p/iphone-11-128gb-mau-trang-white_1.jpg,https://cdn-v2.didongviet.vn/files/media/catalog/product/i/p/iphone-11-128gb-camera-chup-hinh.jpg,https://cdn-v2.didongviet.vn/files/media/catalog/product/i/p/iphone-11-128gb-hinh-anh.jpg",https://cdn-v2.didongviet.vn/files/products/2023/4/9/1/1683605592281_thumb_iphone_11_didongviet.jpg
XIAOMI REDMI 12C 4GB/64GB (CTY),2390000,3590000,33,0,0,xiaomi,N/A,N/A,N/A,N/A,N/A,N/A,N/A,N/A,N/A,N/A,N/A,N/A,N/A,N/A,N/A,N/A,N/A,N/A,N/A,N/A,6.71 inches,N/A,didongviet.vn,dien-thoai,mobiles,https://didongviet.vn/dien-thoai/xiaomi-redmi-12c-64gb,"https://cdn-v2.didongviet.vn/files/products/2023/8/9/1/1694250012970_xiaomi_redmi_12c_64gb_thumb_logo_bh19t_didongviet.jpg,https://cdn-v2.didongviet.vn/files/products/2023/3/18/1/1681803471082_xiaomi_redmi_12c_64gb_didongviet.jpg,https://cdn-v2.didongviet.vn/files/products/2023/6/7/1/1688702533158_xiaomi_redmi_12c_didongviet_6.jpg,https://cdn-v2.didongviet.vn/files/products/2023/6/7/1/1688702539221_xiaomi_redmi_12c_didongviet_7.jpg,https://cdn-v2.didongviet.vn/files/products/2023/6/7/1/1688702418280_xiaomi_redmi_12c_didongviet_1.jpg,https://cdn-v2.didongviet.vn/files/products/2023/6/7/1/1688702421693_xiaomi_redmi_12c_didongviet_2.jpg,https://cdn-v2.didongviet.vn/files/products/2023/6/7/1/1688702438017_xiaomi_redmi_12c_didongviet_5.jpg,https://cdn-v2.didongviet.vn/files/products/2023/6/7/1/1688702429708_xiaomi_redmi_12c_didongviet_4.jpg,https://cdn-v2.didongviet.vn/files/products/2023/6/7/1/1688702423859_xiaomi_redmi_12c_didongviet_3.jpg",https://cdn-v2.didongviet.vn/files/products/2023/8/9/1/1694250012970_xiaomi_redmi_12c_64gb_thumb_logo_bh19t_didongviet.jpg
OPPO A17K 3GB/64GB (CTY),2950000,3290000,10,0,0,oppo,5000 mAh,v5.2,8 MP,5 MP,IMG PowerVR GE8320,2.3 GHz,OTG,MediaTek Helio G35 8 nhân,IPS LCD,GPS / BEIDOU / GLONASS,Hỗ trợ 4G,N/A,Android 12,3.5 mm,2 Nano SIM,Micro USB,189 g,FullHD 1080p@30fps HD 720p@30fps,3 GB,64 GB,"6.56"" - Tần số quét 60 Hz",Dual-band (2.4 GHz/5 GHz) Wi-Fi Direct Wi-Fi hotspot Wi-Fi 802.11 a/b/g/n/ac,didongviet.vn,dien-thoai,mobiles,https://didongviet.vn/dien-thoai/oppo-a17k,"https://cdn-v2.didongviet.vn/files/products/2024/8/30/1/1727660379063_oppo_a17k_didongviet.png,https://cdn-v2.didongviet.vn/files/products/2023/6/4/1/1688443894153_oppo_a17k_didongviet_1.jpg,https://cdn-v2.didongviet.vn/files/products/2023/6/4/1/1688443899088_oppo_a17k_didongviet_2.jpg,https://cdn-v2.didongviet.vn/files/products/2023/6/7/1/1688712725336_oppo_a17k_didongviet_1.jpg,https://cdn-v2.didongviet.vn/files/products/2023/6/7/1/1688712735666_oppo_a17k_didongviet_2.jpg,https://cdn-v2.didongviet.vn/files/products/2023/6/7/1/1688712748243_oppo_a17k_didongviet_3.jpg,https://cdn-v2.didongviet.vn/files/products/2023/6/7/1/1688712754921_oppo_a17k_didongviet_4.jpg,https://cdn-v2.didongviet.vn/files/products/2023/6/7/1/1688712757679_oppo_a17k_didongviet_5.jpg",https://cdn-v2.didongviet.vn/files/products/2024/8/30/1/1727660379063_oppo_a17k_didongviet.png
APPLE IPHONE 13 256GB (CTY),16990000,27990000,39,0,0,iphone,N/A,v5.0,2 camera 12 MP,12 MP,Apple GPU 4 nhân,N/A,N/A,Apple A15 Bionic,OLED,"QZSS, iBeacon, A-GPS, BDS, GALILEO, GLONASS",Hỗ trợ 5G,N/A,iOS 15,Lightning,1 Nano SIM & 1 eSIM,Lightning,164 g,4K 2160p@30fps / 4K 2160p@60fps / FullHD 1080p@120fps / HD 720p@30fps / FullHD 1080p@240fps / FullHD 1080p@60fps / 4K 2160p@24fps / FullHD 1080p@30fps,4 GB,256 GB,"6.1"" - Tần số quét 60 Hz","Wifi 6 802.11 ax/b/g/n/ac/6e, dual-band, Wi-Fi Direct, hotspot",didongviet.vn,dien-thoai,mobiles,https://didongviet.vn/dien-thoai/iphone-13-256gb,"https://cdn-v2.didongviet.vn/files/media/catalog/product/i/p/iphone-13-256gb-didongviet_1.jpg,https://cdn-v2.didongviet.vn/files/media/catalog/product/i/p/iphone-13-starlight-didongviet_1.jpg,https://cdn-v2.didongviet.vn/files/media/catalog/product/i/p/iphone-13-midnight-didongviet_1.jpg,https://cdn-v2.didongviet.vn/files/media/catalog/product/i/p/iphone-13-blue-didongviet_1.jpg,https://cdn-v2.didongviet.vn/files/media/catalog/product/i/p/iphone-13-red-didongviet_1.jpg,https://cdn-v2.didongviet.vn/files/media/catalog/product/i/p/iphone-13-pink-didongviet_1.jpg,https://cdn-v2.didongviet.vn/files/media/catalog/product/i/p/iphone-13-red-9-didongviet_1.jpg,https://cdn-v2.didongviet.vn/files/media/catalog/product/i/p/iphone-13-red-10-didongviet_1.jpg,https://cdn-v2.didongviet.vn/files/media/catalog/product/i/p/iphone-13-red-11-didongviet_1.jpg,https://cdn-v2.didongviet.vn/files/media/catalog/product/i/p/iphone-13-aar-xanh-la-didongviet_1_1.jpeg",https://cdn-v2.didongviet.vn/files/media/catalog/product/i/p/iphone-13-256gb-didongviet_1.jpg
APPLE IPHONE 14 128GB (CTY),16590000,24990000,34,0,0,iphone,Đang cập nhật,v5.3,2 camera 12 MP,12 MP,Apple GPU 5 nhân,N/A,NFC,Apple A15 Bionic 6 nhân,OLED,GPS / GLONASS / Galileo / QZSS / BeiDou,Hỗ trợ 5G,N/A,iOS 16,Không,1 Nano SIM & 1 eSIM,Lightning,172 g,4K@60fps,6 GB,128 GB,"6.1"" - Tần số quét 60 Hz",Wi‑Fi 6 (802.11ax) with 2x2 MIMO,didongviet.vn,dien-thoai,mobiles,https://didongviet.vn/dien-thoai/iphone-14-128gb,"https://cdn-v2.didongviet.vn/files/media/catalog/product/i/p/iphone-14-128gb-didongviet_1.jpg,https://cdn-v2.didongviet.vn/files/media/catalog/product/i/p/iphone-14-mau-moi-didongviet.jpg,https://cdn-v2.didongviet.vn/files/media/catalog/product/i/p/iphone-14-128gb-mau-den-didongviet.jpg,https://cdn-v2.didongviet.vn/files/media/catalog/product/i/p/iphone-14-128gb-mau-do-didongviet.jpg,https://cdn-v2.didongviet.vn/files/media/catalog/product/i/p/iphone-14-128gb-mau-tim-didongviet.jpg,https://cdn-v2.didongviet.vn/files/media/catalog/product/i/p/iphone-14-128gb-mau-trang-didongviet.jpg,https://cdn-v2.didongviet.vn/files/media/catalog/product/i/p/iphone-14-128gb-mau-xanh-didongviet.jpg,https://cdn-v2.didongviet.vn/files/media/catalog/product/i/p/iphone-14-128gb-mau-do-cha-1-didongviet.jpg,https://cdn-v2.didongviet.vn/files/media/catalog/product/i/p/iphone-14-128gb-mau-do-cha-2-didongviet.jpg,https://cdn-v2.didongviet.vn/files/media/catalog/product/i/p/iphone-14-128gb-mau-do-cha-3-didongviet.jpg,https://cdn-v2.didongviet.vn/files/media/catalog/product/i/p/iphone-14-128gb-mau-do-cha-4-didongviet.jpg",https://cdn-v2.didongviet.vn/files/media/catalog/product/i/p/iphone-14-128gb-didongviet_1.jpg
APPLE IPHONE 13 128GB (CTY),13190000,23990000,45,0,0,iphone,N/A,v5.0,2 camera 12 MP,12 MP,Apple GPU 4 nhân,N/A,N/A,Apple A15 Bionic,OLED,"QZSS, iBeacon, A-GPS, BDS, GALILEO, GLONASS",Hỗ trợ 5G,N/A,iOS 15,Lightning,1 Nano SIM & 1 eSIM,Lightning,164 g,4K 2160p@30fps / 4K 2160p@60fps / FullHD 1080p@120fps / HD 720p@30fps / FullHD 1080p@240fps / FullHD 1080p@60fps / 4K 2160p@24fps / FullHD 1080p@30fps,4 GB,128 GB,"6.1"" - Tần số quét 60 Hz","Wifi 6 802.11 ax/b/g/n/ac/6e, dual-band, Wi-Fi Direct, hotspot",didongviet.vn,dien-thoai,mobiles,https://didongviet.vn/dien-thoai/iphone-13-128gb,"https://cdn-v2.didongviet.vn/files/media/catalog/product/i/p/iphone-13-128gb-didongviet_1.jpg,https://cdn-v2.didongviet.vn/files/media/catalog/product/i/p/iphone-13-aar-xanh-la-didongviet_1.jpeg,https://cdn-v2.didongviet.vn/files/media/catalog/product/i/p/iphone-13-blue-didongviet.jpg,https://cdn-v2.didongviet.vn/files/media/catalog/product/i/p/iphone-13-red-didongviet.jpg,https://cdn-v2.didongviet.vn/files/media/catalog/product/i/p/iphone-13-pink-didongviet.jpg,https://cdn-v2.didongviet.vn/files/media/catalog/product/i/p/iphone-13-starlight-didongviet.jpg,https://cdn-v2.didongviet.vn/files/media/catalog/product/i/p/iphone-13-midnight-didongviet.jpg,https://cdn-v2.didongviet.vn/files/media/catalog/product/i/p/iphone-13-red-9-didongviet.jpg,https://cdn-v2.didongviet.vn/files/media/catalog/product/i/p/iphone-13-red-10-didongviet.jpg,https://cdn-v2.didongviet.vn/files/media/catalog/product/i/p/iphone-13-red-11-didongviet.jpg",https://cdn-v2.didongviet.vn/files/media/catalog/product/i/p/iphone-13-128gb-didongviet_1.jpg
APPLE IPHONE 14 PLUS 128GB (CTY),19290000,27990000,31,0,0,iphone,Đang cập nhật,v5.3,2 camera 12 MP,12 MP,Apple GPU 5 nhân,N/A,NFC,Apple A15 Bionic 6 nhân,OLED,GPS / GLONASS / Galileo / QZSS / BeiDou,Hỗ trợ 5G,N/A,iOS 16,Không,1 Nano SIM & 1 eSIM,Lightning,203 g,4K@60fps,6 GB,128 GB,"6.7"" - Tần số quét 60 Hz","Wi-Fi 802.11 a/b/g/n/ac/6e, Dual-band, Wi-Fi Direct, Wi-Fi hotspot",didongviet.vn,dien-thoai,mobiles,https://didongviet.vn/dien-thoai/iphone-14-plus-128gb,"https://cdn-v2.didongviet.vn/files/media/catalog/product/i/p/iphone-14-plus-128gb-didongviet.jpg,https://cdn-v2.didongviet.vn/files/media/catalog/product/i/p/iphone-14-mau-moi-didongviet_6.jpg,https://cdn-v2.didongviet.vn/files/media/catalog/product/i/p/iphone-14-plus-128gb-mau-den-didongviet.jpg,https://cdn-v2.didongviet.vn/files/media/catalog/product/i/p/iphone-14-plus-128gb-mau-do-didongviet.jpg,https://cdn-v2.didongviet.vn/files/media/catalog/product/i/p/iphone-14-plus-128gb-mau-tim-didongviet.jpg,https://cdn-v2.didongviet.vn/files/media/catalog/product/i/p/iphone-14-plus-128gb-mau-trang-didongviet.jpg,https://cdn-v2.didongviet.vn/files/media/catalog/product/i/p/iphone-14-plus-128gb-mau-xanh-didongviet.jpg,https://cdn-v2.didongviet.vn/files/media/catalog/product/i/p/iphone-14-plus-128gb-cha-1-didongviet.jpg,https://cdn-v2.didongviet.vn/files/media/catalog/product/i/p/iphone-14-plus-128gb-cha-2-didongviet.jpg,https://cdn-v2.didongviet.vn/files/media/catalog/product/i/p/iphone-14-plus-128gb-cha-3-didongviet.jpg",https://cdn-v2.didongviet.vn/files/media/catalog/product/i/p/iphone-14-plus-128gb-didongviet.jpg
APPLE IPAD MINI 2024 256GB WIFI (CTY),16190000,16490000,2,0,0,micro karaoke,N/A,N/A,N/A,N/A,N/A,N/A,N/A,N/A,N/A,N/A,N/A,N/A,N/A,N/A,N/A,N/A,N/A,N/A,N/A,N/A,N/A,N/A,didongviet.vn,may-tinh-bang,tablets,https://didongviet.vn/may-tinh-bang/ipad-mini-7-2024-256gb-wifi,"https://cdn-v2.didongviet.vn/files/products/2024/9/18/1/1729225279907_1729055111943_ipad_mini_7_2024_128gb_wifi.png,https://cdn-v2.didongviet.vn/files/products/2024/9/18/1/1729225282116_1729056121080_ipad_mini_7_2024_128gb_wifi_2.png,https://cdn-v2.didongviet.vn/files/products/2024/9/18/1/1729225319115_1729056127671_ipad_mini_7_2024_128gb_wifi_3.png,https://cdn-v2.didongviet.vn/files/products/2024/9/18/1/1729224275540_1729056131931_ipad_mini_7_2024_128gb_wifi_4.png,https://cdn-v2.didongviet.vn/files/products/2024/9/18/1/1729224282639_1729056140502_ipad_mini_7_2024_128gb_wifi_5.png,https://cdn-v2.didongviet.vn/files/products/2024/9/18/1/1729224284601_1729056147366_ipad_mini_7_2024_128gb_wifi_6.png,https://cdn-v2.didongviet.vn/files/products/2024/9/18/1/1729224291463_1729056155708_ipad_mini_7_2024_128gb_wifi_7.png,https://cdn-v2.didongviet.vn/files/products/2024/9/18/1/1729224305140_1729056167600_ipad_mini_7_2024_128gb_wifi_8.png,https://cdn-v2.didongviet.vn/files/products/2024/9/18/1/1729224310830_1729056172405_ipad_mini_7_2024_128gb_wifi_9.png,https://cdn-v2.didongviet.vn/files/products/2024/9/18/1/1729224313925_1729056176683_ipad_mini_7_2024_128gb_wifi_10.png",https://cdn-v2.didongviet.vn/files/products/2024/9/18/1/1729225279907_1729055111943_ipad_mini_7_2024_128gb_wifi.png
APPLE IPAD MINI 2024 128GB WIFI (CTY),13690000,13990000,2,0,0,micro karaoke,N/A,N/A,N/A,N/A,N/A,N/A,N/A,N/A,N/A,N/A,N/A,N/A,N/A,N/A,N/A,N/A,N/A,N/A,N/A,N/A,N/A,N/A,didongviet.vn,may-tinh-bang,tablets,https://didongviet.vn/may-tinh-bang/ipad-mini-2024-128gb-wifi,"https://cdn-v2.didongviet.vn/files/products/2024/9/16/1/1729055111943_ipad_mini_7_2024_128gb_wifi.png,https://cdn-v2.didongviet.vn/files/products/2024/9/16/1/1729056121080_ipad_mini_7_2024_128gb_wifi_2.png,https://cdn-v2.didongviet.vn/files/products/2024/9/16/1/1729056127671_ipad_mini_7_2024_128gb_wifi_3.png,https://cdn-v2.didongviet.vn/files/products/2024/9/16/1/1729056131931_ipad_mini_7_2024_128gb_wifi_4.png,https://cdn-v2.didongviet.vn/files/products/2024/9/16/1/1729056140502_ipad_mini_7_2024_128gb_wifi_5.png,https://cdn-v2.didongviet.vn/files/products/2024/9/16/1/1729056147366_ipad_mini_7_2024_128gb_wifi_6.png,https://cdn-v2.didongviet.vn/files/products/2024/9/16/1/1729056155708_ipad_mini_7_2024_128gb_wifi_7.png,https://cdn-v2.didongviet.vn/files/products/2024/9/16/1/1729056167600_ipad_mini_7_2024_128gb_wifi_8.png,https://cdn-v2.didongviet.vn/files/products/2024/9/16/1/1729056172405_ipad_mini_7_2024_128gb_wifi_9.png,https://cdn-v2.didongviet.vn/files/products/2024/9/16/1/1729056176683_ipad_mini_7_2024_128gb_wifi_10.png",https://cdn-v2.didongviet.vn/files/products/2024/9/16/1/1729055111943_ipad_mini_7_2024_128gb_wifi.png
"APPLE IPAD 2022 10.9"" WIFI 64GB (CTY)",8390000,12990000,35,0,0,micro karaoke,N/A,N/A,N/A,N/A,N/A,N/A,N/A,N/A,N/A,N/A,N/A,N/A,N/A,N/A,N/A,N/A,N/A,N/A,N/A,N/A,N/A,N/A,didongviet.vn,may-tinh-bang,tablets,https://didongviet.vn/may-tinh-bang/ipad-gen-10-64gb-wifi,"https://cdn-v2.didongviet.vn/files/media/catalog/product/i/p/ipad-2022-64gb-wifi-didongviet.jpg,https://cdn-v2.didongviet.vn/files/products/2023/7/1/1/1690865492148_1_ipad_gen_10_didongviet.jpg,https://cdn-v2.didongviet.vn/files/products/2023/7/1/1/1690865494124_2_ipad_gen_10_didongviet.jpg,https://cdn-v2.didongviet.vn/files/products/2023/7/1/1/1690865496351_3_ipad_gen_10_didongviet.jpg,https://cdn-v2.didongviet.vn/files/products/2023/7/1/1/1690865498650_4_ipad_gen_10_didongviet.jpg,https://cdn-v2.didongviet.vn/files/products/2023/7/1/1/1690865501362_5_ipad_gen_10_didongviet.jpg",https://cdn-v2.didongviet.vn/files/media/catalog/product/i/p/ipad-2022-64gb-wifi-didongviet.jpg
APPLE IPHONE 15 PLUS 128GB (CTY),21990000,25990000,15,0,0,iphone,N/A,N/A,N/A,N/A,N/A,N/A,N/A,N/A,N/A,N/A,N/A,N/A,N/A,N/A,N/A,N/A,N/A,N/A,N/A,N/A,6.7inch,N/A,didongviet.vn,dien-thoai,mobiles,https://didongviet.vn/dien-thoai/iphone-15-plus-128gb,"https://cdn-v2.didongviet.vn/files/products/2023/8/29/1/1695953356175_thumb_iphone_15_didongviet.jpg,https://cdn-v2.didongviet.vn/files/products/2023/8/13/1/1694575451709_2_iphone_15_hong_didongviet.jpg,https://cdn-v2.didongviet.vn/files/products/2023/8/13/1/1694575457223_3_iphone_15_hong_didongviet.jpg,https://cdn-v2.didongviet.vn/files/products/2023/8/13/1/1694575459395_4_iphone_15_hong_didongviet.jpg,https://cdn-v2.didongviet.vn/files/products/2023/8/13/1/1694575461273_5_iphone_15_hong_didongviet.jpg,https://cdn-v2.didongviet.vn/files/products/2023/8/13/1/1694575464105_6_iphone_15_hong_didongviet.jpg,https://cdn-v2.didongviet.vn/files/products/2023/8/13/1/1694575466012_7_iphone_15_hong_didongviet.jpg,https://cdn-v2.didongviet.vn/files/products/2023/8/13/1/1694575470800_9_iphone_15_hong_didongviet.jpg,https://cdn-v2.didongviet.vn/files/products/2023/8/13/1/1694575468354_8_iphone_15_hong_didongviet.jpg",https://cdn-v2.didongviet.vn/files/products/2023/8/29/1/1695953356175_thumb_iphone_15_didongviet.jpg
"APPLE IPAD AIR 6 2024 11"" 128GB WIFI (CTY)",14690000,16990000,14,0,0,micro karaoke,N/A,N/A,N/A,N/A,N/A,N/A,N/A,N/A,N/A,N/A,N/A,N/A,N/A,N/A,N/A,N/A,N/A,N/A,N/A,N/A,N/A,N/A,didongviet.vn,may-tinh-bang,tablets,https://didongviet.vn/may-tinh-bang/ipad-air-6-11-inch-128gb,"https://cdn-v2.didongviet.vn/files/products/2024/5/13/1/1718247360328_thumb_ipad_air_6_11_inch_didongviet.jpg,https://cdn-v2.didongviet.vn/files/products/2024/4/8/1/1715152885895_1_ipad_air_6_didongviet.jpg,https://cdn-v2.didongviet.vn/files/products/2024/4/8/1/1715152887931_2_ipad_air_6_didongviet.jpg,https://cdn-v2.didongviet.vn/files/products/2024/4/8/1/1715152890458_3_ipad_air_6_didongviet.jpg,https://cdn-v2.didongviet.vn/files/products/2024/4/8/1/1715152892449_4_ipad_air_6_didongviet.jpg,https://cdn-v2.didongviet.vn/files/products/2024/4/8/1/1715152895049_5_ipad_air_6_didongviet.jpg,https://cdn-v2.didongviet.vn/files/products/2024/4/8/1/1715152896842_6_ipad_air_6_didongviet.jpg,https://cdn-v2.didongviet.vn/files/products/2024/4/8/1/1715152902000_7_ipad_air_6_didongviet.jpg,https://cdn-v2.didongviet.vn/files/products/2024/4/8/1/1715152905281_8_ipad_air_6_didongviet.jpg,https://cdn-v2.didongviet.vn/files/products/2024/4/8/1/1715152910499_9_ipad_air_6_didongviet.jpg",https://cdn-v2.didongviet.vn/files/products/2024/5/13/1/1718247360328_thumb_ipad_air_6_11_inch_didongviet.jpg
"APPLE IPAD 2021 10.2"" WIFI 64GB (CTY)",6790000,9990000,32,0,0,micro karaoke,N/A,N/A,N/A,N/A,N/A,N/A,N/A,N/A,N/A,N/A,N/A,N/A,N/A,N/A,N/A,N/A,N/A,N/A,N/A,N/A,N/A,N/A,didongviet.vn,may-tinh-bang,tablets,https://didongviet.vn/may-tinh-bang/ipad-gen-9-64gb-wifi,"https://cdn-v2.didongviet.vn/files/media/catalog/product/i/p/ipad-gen-9-64gb-wifi.jpg,https://cdn-v2.didongviet.vn/files/media/catalog/product/i/p/ipad-gen-9-64gb-wifi-pos-1-didongviet-.jpg,https://cdn-v2.didongviet.vn/files/media/catalog/product/i/p/ipad-gen-9-64gb-wifi-pos-2-didongviet-.jpg,https://cdn-v2.didongviet.vn/files/media/catalog/product/i/p/ipad-gen-9-64gb-wifi-pos-3-didongviet-.jpg,https://cdn-v2.didongviet.vn/files/media/catalog/product/i/p/ipad-gen-9-64gb-wifi-pos-4-didongviet-.jpg,https://cdn-v2.didongviet.vn/files/media/catalog/product/i/p/ipad-gen-9-64gb-wifi-pos-5-didongviet-.jpg,https://cdn-v2.didongviet.vn/files/media/catalog/product/i/p/ipad-gen-9-64gb-wifi-pos-6-didongviet-.jpg,https://cdn-v2.didongviet.vn/files/media/catalog/product/i/p/ipad-gen-9-64gb-wifi-pos-7-didongviet-.jpg",https://cdn-v2.didongviet.vn/files/media/catalog/product/i/p/ipad-gen-9-64gb-wifi.jpg
"APPLE IPAD AIR 6 2024 13"" 128GB WIFI (CTY)",20390000,22490000,9,0,0,micro karaoke,N/A,N/A,N/A,N/A,N/A,N/A,N/A,N/A,N/A,N/A,N/A,N/A,N/A,N/A,N/A,N/A,N/A,N/A,N/A,N/A,N/A,N/A,didongviet.vn,may-tinh-bang,tablets,https://didongviet.vn/may-tinh-bang/ipad-air-6-13-inch-128gb,"https://cdn-v2.didongviet.vn/files/products/2024/5/13/1/1718247541803_thumb_ipad_air_6_13_inch_didongviet.jpg,https://cdn-v2.didongviet.vn/files/products/2024/4/8/1/1715152937786_1_ipad_air_6_13_inch_didongviet.jpg,https://cdn-v2.didongviet.vn/files/products/2024/4/8/1/1715152939755_2_ipad_air_6_13_inch_didongviet.jpg,https://cdn-v2.didongviet.vn/files/products/2024/4/8/1/1715152942114_3_ipad_air_6_didongviet.jpg,https://cdn-v2.didongviet.vn/files/products/2024/4/8/1/1715152956100_4_ipad_air_6_didongviet.jpg,https://cdn-v2.didongviet.vn/files/products/2024/4/8/1/1715152958860_5_ipad_air_6_didongviet.jpg,https://cdn-v2.didongviet.vn/files/products/2024/4/8/1/1715152961304_6_ipad_air_6_didongviet.jpg,https://cdn-v2.didongviet.vn/files/products/2024/4/8/1/1715152964405_7_ipad_air_6_didongviet.jpg,https://cdn-v2.didongviet.vn/files/products/2024/4/8/1/1715152969660_8_ipad_air_6_didongviet.jpg,https://cdn-v2.didongviet.vn/files/products/2024/4/8/1/1715152972508_9_ipad_air_6_13_inch_didongviet.jpg",https://cdn-v2.didongviet.vn/files/products/2024/5/13/1/1718247541803_thumb_ipad_air_6_13_inch_didongviet.jpg
XIAOMI REDMI PAD PRO 12.1'' 8GB/128GB (CTY),6890000,7990000,14,0,0,iphone 6 | 6 plus,N/A,N/A,N/A,N/A,N/A,N/A,N/A,N/A,N/A,N/A,N/A,N/A,N/A,N/A,N/A,N/A,N/A,N/A,N/A,N/A,N/A,N/A,didongviet.vn,may-tinh-bang,tablets,https://didongviet.vn/may-tinh-bang/xiaomi-redmi-pad-pro-128gb,"https://cdn-v2.didongviet.vn/files/products/2024/5/8/1/1717819856846_xiaomi_redmi_pad_pro_blue_didongviet_1.png,https://cdn-v2.didongviet.vn/files/products/2024/5/8/1/1717819859645_xiaomi_redmi_pad_pro_black_didongviet_1.png,https://cdn-v2.didongviet.vn/files/products/2024/5/8/1/1717819862195_xiaomi_redmi_pad_pro_green_didongviet_1.png,https://cdn-v2.didongviet.vn/files/products/2024/5/18/1/1718725122554_f95168ce99a0bddacd4e8cd6c240adae.jpg,https://cdn-v2.didongviet.vn/files/products/2024/5/18/1/1718725125116_f4c9116b55e1870c007d25f121ecfc05.jpg,https://cdn-v2.didongviet.vn/files/products/2024/5/18/1/1718725519657_a176cc9029f4793db32eec063a372fb3_1.jpg",https://cdn-v2.didongviet.vn/files/products/2024/5/8/1/1717819856846_xiaomi_redmi_pad_pro_blue_didongviet_1.png
APPLE IPAD MINI 2024 128GB WIFI + CELL (CTY),17190000,17990000,4,0,0,micro karaoke,N/A,N/A,N/A,N/A,N/A,N/A,N/A,N/A,N/A,N/A,N/A,N/A,N/A,N/A,N/A,N/A,N/A,N/A,N/A,N/A,N/A,N/A,didongviet.vn,may-tinh-bang,tablets,https://didongviet.vn/may-tinh-bang/ipad-mini-7-2024-128gb-wifi-5g,"https://cdn-v2.didongviet.vn/files/products/2024/9/18/1/1729267836180_1729055111943_ipad_mini_7_2024_128gb_wifi.png,https://cdn-v2.didongviet.vn/files/products/2024/9/18/1/1729267837884_1729056121080_ipad_mini_7_2024_128gb_wifi_2.png,https://cdn-v2.didongviet.vn/files/products/2024/9/18/1/1729267848649_1729056127671_ipad_mini_7_2024_128gb_wifi_3.png,https://cdn-v2.didongviet.vn/files/products/2024/9/18/1/1729267857195_1729056131931_ipad_mini_7_2024_128gb_wifi_4.png,https://cdn-v2.didongviet.vn/files/products/2024/9/18/1/1729267859983_1729056140502_ipad_mini_7_2024_128gb_wifi_5.png,https://cdn-v2.didongviet.vn/files/products/2024/9/18/1/1729267861488_1729056147366_ipad_mini_7_2024_128gb_wifi_6.png,https://cdn-v2.didongviet.vn/files/products/2024/9/18/1/1729267863383_1729056155708_ipad_mini_7_2024_128gb_wifi_7.png,https://cdn-v2.didongviet.vn/files/products/2024/9/18/1/1729267865173_1729056167600_ipad_mini_7_2024_128gb_wifi_8.png,https://cdn-v2.didongviet.vn/files/products/2024/9/18/1/1729267866817_1729056172405_ipad_mini_7_2024_128gb_wifi_9.png,https://cdn-v2.didongviet.vn/files/products/2024/9/18/1/1729267868476_1729056176683_ipad_mini_7_2024_128gb_wifi_10.png",https://cdn-v2.didongviet.vn/files/products/2024/9/18/1/1729267836180_1729055111943_ipad_mini_7_2024_128gb_wifi.png
"APPLE IPAD 2021 10.2"" WIFI + CELLULAR 256GB (CTY)",16390000,0,0,0,0,micro karaoke,N/A,N/A,N/A,N/A,N/A,N/A,N/A,N/A,N/A,N/A,N/A,N/A,N/A,N/A,N/A,N/A,N/A,N/A,N/A,N/A,N/A,N/A,didongviet.vn,may-tinh-bang,tablets,https://didongviet.vn/may-tinh-bang/ipad-gen-9-256gb-wifi-4g,"https://cdn-v2.didongviet.vn/files/media/catalog/product/i/p/ipad-gen-9-256gb-wifi-4g-didongviet.jpg,https://cdn-v2.didongviet.vn/files/media/catalog/product/i/p/ipad-gen-9-64gb-4g-pos-1-didongviet-_1_1.jpg,https://cdn-v2.didongviet.vn/files/media/catalog/product/i/p/ipad-gen-9-64gb-4g-pos-2-didongviet-_1_1.jpg,https://cdn-v2.didongviet.vn/files/media/catalog/product/i/p/ipad-gen-9-64gb-4g-pos-3-didongviet-_1_1.jpg,https://cdn-v2.didongviet.vn/files/media/catalog/product/i/p/ipad-gen-9-64gb-4g-pos-4-didongviet-_1_1.jpg,https://cdn-v2.didongviet.vn/files/media/catalog/product/i/p/ipad-gen-9-64gb-4g-pos-5-didongviet-_1_1.jpg,https://cdn-v2.didongviet.vn/files/media/catalog/product/i/p/ipad-gen-9-64gb-4g-pos-6-didongviet-_1_1.jpg,https://cdn-v2.didongviet.vn/files/media/catalog/product/i/p/ipad-gen-9-64gb-4g-pos-7-didongviet-_1_1.jpg",https://cdn-v2.didongviet.vn/files/media/catalog/product/i/p/ipad-gen-9-256gb-wifi-4g-didongviet.jpg
"APPLE IPAD PRO 2022 11"" 1TB WIFI (CTY)",38990000,43990000,11,0,0,micro karaoke,N/A,N/A,N/A,N/A,N/A,N/A,N/A,N/A,N/A,N/A,N/A,N/A,N/A,N/A,N/A,N/A,N/A,N/A,N/A,N/A,N/A,N/A,didongviet.vn,may-tinh-bang,tablets,https://didongviet.vn/may-tinh-bang/ipad-pro-m2-11-inch-1tb-wifi,"https://cdn-v2.didongviet.vn/files/media/catalog/product/i/p/ipad-pro-11-inch-m2-128gb-wifi-didongviet_3.jpg,https://cdn-v2.didongviet.vn/files/media/catalog/product/i/p/ipad-pro-11-inch-m2-128gb-mau-bac-didongviet_4.jpg,https://cdn-v2.didongviet.vn/files/media/catalog/product/i/p/ipad-pro-11-inch-m2-128gb-mau-xam-didongviet_4.jpg",https://cdn-v2.didongviet.vn/files/media/catalog/product/i/p/ipad-pro-11-inch-m2-128gb-wifi-didongviet_3.jpg
"APPLE IPAD 2021 10.2"" WIFI 256GB (CTY)",10490000,14990000,30,0,0,micro karaoke,N/A,N/A,N/A,N/A,N/A,N/A,N/A,N/A,N/A,N/A,N/A,N/A,N/A,N/A,N/A,N/A,N/A,N/A,N/A,N/A,N/A,N/A,didongviet.vn,may-tinh-bang,tablets,https://didongviet.vn/may-tinh-bang/ipad-gen-9-256gb-wifi,"https://cdn-v2.didongviet.vn/files/media/catalog/product/i/p/ipad-gen-9-256gb-wifi.jpg,https://cdn-v2.didongviet.vn/files/media/catalog/product/i/p/ipad-gen-9-64gb-4g-pos-3-didongviet-_1_2.jpg,https://cdn-v2.didongviet.vn/files/media/catalog/product/i/p/ipad-gen-9-64gb-4g-pos-2-didongviet-_1_2.jpg,https://cdn-v2.didongviet.vn/files/media/catalog/product/i/p/ipad-gen-9-64gb-4g-pos-4-didongviet-_1_2.jpg,https://cdn-v2.didongviet.vn/files/media/catalog/product/i/p/ipad-gen-9-64gb-4g-pos-5-didongviet-_1_2.jpg,https://cdn-v2.didongviet.vn/files/media/catalog/product/i/p/ipad-gen-9-64gb-4g-pos-6-didongviet-_1_2.jpg,https://cdn-v2.didongviet.vn/files/media/catalog/product/i/p/ipad-gen-9-64gb-4g-pos-7-didongviet-_1_2.jpg,https://cdn-v2.didongviet.vn/files/media/catalog/product/i/p/ipad-gen-9-64gb-4g-pos-1-didongviet-_1_2.jpg",https://cdn-v2.didongviet.vn/files/media/catalog/product/i/p/ipad-gen-9-256gb-wifi.jpg
APPLE IPAD MINI 6 2021 WIFI + 5G 64GB (CTY),17790000,10,-177899900,0,0,micro karaoke,N/A,N/A,N/A,N/A,N/A,N/A,N/A,N/A,N/A,N/A,N/A,N/A,N/A,N/A,N/A,N/A,N/A,N/A,N/A,N/A,N/A,N/A,didongviet.vn,may-tinh-bang,tablets,https://didongviet.vn/may-tinh-bang/ipad-mini-6-64gb-wifi-5g,"https://cdn-v2.didongviet.vn/files/media/catalog/product/i/p/ipad-mini-6-64gb-wifi-5g.jpg,https://cdn-v2.didongviet.vn/files/media/catalog/product/i/p/ipad-mini-6-3-didongviet_1_2.jpg,https://cdn-v2.didongviet.vn/files/media/catalog/product/i/p/ipad-mini-6-5-didongviet_1_2.jpg,https://cdn-v2.didongviet.vn/files/media/catalog/product/i/p/ipad-mini-6-4-didongviet_1_2.jpg",https://cdn-v2.didongviet.vn/files/media/catalog/product/i/p/ipad-mini-6-64gb-wifi-5g.jpg
APPLE IPAD MINI 6 2021 WIFI + 5G 256GB (CTY),10590000,11590000,9,0,0,micro karaoke,N/A,N/A,N/A,N/A,N/A,N/A,N/A,N/A,N/A,N/A,N/A,N/A,N/A,N/A,N/A,N/A,N/A,N/A,N/A,N/A,N/A,N/A,didongviet.vn,may-tinh-bang,tablets,https://didongviet.vn/may-tinh-bang/ipad-mini-6-256gb-wifi-5g,"https://cdn-v2.didongviet.vn/files/media/catalog/product/i/p/ipad-mini-6-256gb-wifi-5g.jpg,https://cdn-v2.didongviet.vn/files/media/catalog/product/i/p/ipad-mini-6-3-didongviet_1_1.jpg,https://cdn-v2.didongviet.vn/files/media/catalog/product/i/p/ipad-mini-6-5-didongviet_1_1.jpg,https://cdn-v2.didongviet.vn/files/media/catalog/product/i/p/ipad-mini-6-4-didongviet_1_1.jpg",https://cdn-v2.didongviet.vn/files/media/catalog/product/i/p/ipad-mini-6-256gb-wifi-5g.jpg
APPLE IPAD AIR 5 WIFI & 5G 256GB (CTY),23490000,24990000,6,0,0,micro karaoke,N/A,N/A,N/A,N/A,N/A,N/A,N/A,N/A,N/A,N/A,N/A,N/A,N/A,N/A,N/A,N/A,N/A,N/A,N/A,N/A,N/A,N/A,didongviet.vn,may-tinh-bang,tablets,https://didongviet.vn/may-tinh-bang/ipad-air-5-256gb-wifi-5g,"https://cdn-v2.didongviet.vn/files/media/catalog/product/i/p/ipad-thumb_1_1.png,https://cdn-v2.didongviet.vn/files/media/catalog/product/i/p/ipad-hong_1_1.png,https://cdn-v2.didongviet.vn/files/media/catalog/product/i/p/ipad-xanh_2_1.png,https://cdn-v2.didongviet.vn/files/media/catalog/product/i/p/ipad-starlight_2.png,https://cdn-v2.didongviet.vn/files/media/catalog/product/i/p/ipad-xamden_2.png",https://cdn-v2.didongviet.vn/files/media/catalog/product/i/p/ipad-thumb_1_1.png
"APPLE IPAD PRO 2024 11"" 256GB WIFI (CTY)",26990000,28990000,7,0,0,micro karaoke,N/A,N/A,N/A,N/A,N/A,N/A,N/A,N/A,N/A,N/A,N/A,N/A,N/A,N/A,N/A,N/A,N/A,N/A,N/A,N/A,N/A,N/A,didongviet.vn,may-tinh-bang,tablets,https://didongviet.vn/may-tinh-bang/ipad-pro-m4-11-inch-256gb-wifi,"https://cdn-v2.didongviet.vn/files/products/2024/5/13/1/1718247712333_thumb_ipad_pro_m4_11_inch_didongviet.jpg,https://cdn-v2.didongviet.vn/files/products/2024/4/8/1/1715154015467_1_ipad_pro_m4_didongviet.jpg,https://cdn-v2.didongviet.vn/files/products/2024/4/8/1/1715154018478_2_ipad_pro_m4_didongviet.jpg,https://cdn-v2.didongviet.vn/files/products/2024/4/8/1/1715154020602_3_ipad_pro_m4_didongviet.jpg,https://cdn-v2.didongviet.vn/files/products/2024/4/8/1/1715154022517_4_ipad_pro_m4_didongviet.jpg,https://cdn-v2.didongviet.vn/files/products/2024/4/8/1/1715154024788_5_ipad_pro_m4_didongviet.jpg,https://cdn-v2.didongviet.vn/files/products/2024/4/8/1/1715154026931_6_ipad_pro_m4_didongviet.jpg,https://cdn-v2.didongviet.vn/files/products/2024/4/8/1/1715154030555_7_ipad_pro_m4_didongviet.jpg,https://cdn-v2.didongviet.vn/files/products/2024/4/8/1/1715154033905_8_ipad_pro_m4_didongviet.jpg,https://cdn-v2.didongviet.vn/files/products/2024/4/8/1/1715154038163_9_ipad_pro_m4_didongviet.jpg",https://cdn-v2.didongviet.vn/files/products/2024/5/13/1/1718247712333_thumb_ipad_pro_m4_11_inch_didongviet.jpg
APPLE IPAD MINI 6 2021 WIFI 64GB (CTY),10290000,16790000,39,0,0,micro karaoke,N/A,N/A,N/A,N/A,N/A,N/A,N/A,N/A,N/A,N/A,N/A,N/A,N/A,N/A,N/A,N/A,N/A,N/A,N/A,N/A,N/A,N/A,didongviet.vn,may-tinh-bang,tablets,https://didongviet.vn/may-tinh-bang/ipad-mini-6-64gb-wifi,"https://cdn-v2.didongviet.vn/files/media/catalog/product/i/p/ipad-mini-6-64gb-wifi.jpg,https://cdn-v2.didongviet.vn/files/media/catalog/product/i/p/ipad-mini-6-3-didongviet_1.jpg,https://cdn-v2.didongviet.vn/files/media/catalog/product/i/p/ipad-mini-6-5-didongviet_1.jpg,https://cdn-v2.didongviet.vn/files/media/catalog/product/i/p/ipad-mini-6-4-didongviet_1.jpg",https://cdn-v2.didongviet.vn/files/media/catalog/product/i/p/ipad-mini-6-64gb-wifi.jpg
"APPLE IPAD 2021 10.2"" WIFI + CELLULAR 64GB (CTY)",10290000,10,-102899900,0,0,micro karaoke,N/A,N/A,N/A,N/A,N/A,N/A,N/A,N/A,N/A,N/A,N/A,N/A,N/A,N/A,N/A,N/A,N/A,N/A,N/A,N/A,N/A,N/A,didongviet.vn,may-tinh-bang,tablets,https://didongviet.vn/may-tinh-bang/ipad-gen-9-64gb-wifi-4g,"https://cdn-v2.didongviet.vn/files/media/catalog/product/i/p/ipad-gen-9-64gb-wifi-4g-didongviet.jpg,https://cdn-v2.didongviet.vn/files/media/catalog/product/i/p/ipad-gen-9-64gb-4g-pos-2-didongviet-_1.jpg,https://cdn-v2.didongviet.vn/files/media/catalog/product/i/p/ipad-gen-9-64gb-4g-pos-3-didongviet-_1.jpg,https://cdn-v2.didongviet.vn/files/media/catalog/product/i/p/ipad-gen-9-64gb-4g-pos-4-didongviet-_1.jpg,https://cdn-v2.didongviet.vn/files/media/catalog/product/i/p/ipad-gen-9-64gb-4g-pos-5-didongviet-_1.jpg,https://cdn-v2.didongviet.vn/files/media/catalog/product/i/p/ipad-gen-9-64gb-4g-pos-6-didongviet-_1.jpg,https://cdn-v2.didongviet.vn/files/media/catalog/product/i/p/ipad-gen-9-64gb-4g-pos-7-didongviet-_1.jpg,https://cdn-v2.didongviet.vn/files/media/catalog/product/i/p/ipad-gen-9-64gb-4g-pos-1-didongviet-_1.jpg",https://cdn-v2.didongviet.vn/files/media/catalog/product/i/p/ipad-gen-9-64gb-wifi-4g-didongviet.jpg
APPLE IPAD AIR 5 WIFI & 5G 64GB (CTY),17390000,21990000,21,0,0,micro karaoke,N/A,N/A,N/A,N/A,N/A,N/A,N/A,N/A,N/A,N/A,N/A,N/A,N/A,N/A,N/A,N/A,N/A,N/A,N/A,N/A,N/A,N/A,didongviet.vn,may-tinh-bang,tablets,https://didongviet.vn/may-tinh-bang/ipad-air-5-64gb-5g,"https://cdn-v2.didongviet.vn/files/media/catalog/product/i/p/ipad-thumb_2.png,https://cdn-v2.didongviet.vn/files/media/catalog/product/i/p/ipad-hong_1_2.png,https://cdn-v2.didongviet.vn/files/media/catalog/product/i/p/ipad-xanh_2_2.png,https://cdn-v2.didongviet.vn/files/media/catalog/product/i/p/ipad-starlight_3.png,https://cdn-v2.didongviet.vn/files/media/catalog/product/i/p/ipad-xamden_3.png",https://cdn-v2.didongviet.vn/files/media/catalog/product/i/p/ipad-thumb_2.png
"APPLE IPAD 2022 10.9"" WIFI 256GB (CTY)",12490000,17990000,31,0,0,micro karaoke,N/A,N/A,N/A,N/A,N/A,N/A,N/A,N/A,N/A,N/A,N/A,N/A,N/A,N/A,N/A,N/A,N/A,N/A,N/A,N/A,N/A,N/A,didongviet.vn,may-tinh-bang,tablets,https://didongviet.vn/may-tinh-bang/ipad-gen-10-256gb-wifi,"https://cdn-v2.didongviet.vn/files/media/catalog/product/i/p/ipad-2022-256gb-wifi-didongviet.jpg,https://cdn-v2.didongviet.vn/files/products/2023/7/1/1/1690865538256_1_ipad_gen_10_didongviet.jpg,https://cdn-v2.didongviet.vn/files/products/2023/7/1/1/1690865541291_2_ipad_gen_10_didongviet.jpg,https://cdn-v2.didongviet.vn/files/products/2023/7/1/1/1690865543384_3_ipad_gen_10_didongviet.jpg,https://cdn-v2.didongviet.vn/files/products/2023/7/1/1/1690865545651_4_ipad_gen_10_didongviet.jpg,https://cdn-v2.didongviet.vn/files/products/2023/7/1/1/1690865548233_5_ipad_gen_10_didongviet.jpg",https://cdn-v2.didongviet.vn/files/media/catalog/product/i/p/ipad-2022-256gb-wifi-didongviet.jpg
"APPLE IPAD 2022 10.9"" WIFI + CELLULAR 64GB (CTY)",12990000,17990000,28,0,0,micro karaoke,N/A,N/A,N/A,N/A,N/A,N/A,N/A,N/A,N/A,N/A,N/A,N/A,N/A,N/A,N/A,N/A,N/A,N/A,N/A,N/A,N/A,N/A,didongviet.vn,may-tinh-bang,tablets,https://didongviet.vn/may-tinh-bang/ipad-gen-10-64gb-5g,"https://cdn-v2.didongviet.vn/files/media/catalog/product/i/p/ipad-2022-64gb-4g-didongviet.jpg,https://cdn-v2.didongviet.vn/files/products/2023/7/1/1/1690865574230_1_ipad_gen_10_didongviet.jpg,https://cdn-v2.didongviet.vn/files/products/2023/7/1/1/1690865577135_2_ipad_gen_10_didongviet.jpg,https://cdn-v2.didongviet.vn/files/products/2023/7/1/1/1690865579618_3_ipad_gen_10_didongviet.jpg,https://cdn-v2.didongviet.vn/files/products/2023/7/1/1/1690865581837_4_ipad_gen_10_didongviet.jpg,https://cdn-v2.didongviet.vn/files/products/2023/7/1/1/1690865584512_5_ipad_gen_10_didongviet.jpg",https://cdn-v2.didongviet.vn/files/media/catalog/product/i/p/ipad-2022-64gb-4g-didongviet.jpg
"APPLE MACBOOK AIR 2020 13"" M1 8GB/256GB (CTY)",17590000,28490000,38,0,0,macbook air,N/A,N/A,N/A,N/A,N/A,N/A,N/A,N/A,N/A,N/A,N/A,N/A,N/A,N/A,N/A,N/A,N/A,N/A,N/A,N/A,N/A,N/A,didongviet.vn,apple-macbook-imac,laptops,https://didongviet.vn/apple-macbook-imac/macbook-air-m1-2020,"https://cdn-v2.didongviet.vn/files/products/2023/3/21/1/1682044807859_thumb_macbook_air_m1_8gb_256gb_didongviet.jpg,https://cdn-v2.didongviet.vn/files/products/2024/8/17/1/1726570507559_1_macbook_air_m1_xam_didongviet.jpg,https://cdn-v2.didongviet.vn/files/products/2024/8/17/1/1726570509161_2_macbook_air_m1_xam_didongviet.jpg,https://cdn-v2.didongviet.vn/files/products/2024/8/17/1/1726570510799_3_macbook_air_m1_xam_didongviet.jpg,https://cdn-v2.didongviet.vn/files/products/2024/8/17/1/1726570512281_4_macbook_air_m1_xam_didongviet.jpg,https://cdn-v2.didongviet.vn/files/products/2024/8/17/1/1726570513975_5_macbook_air_m1_xam_didongviet.jpg",https://cdn-v2.didongviet.vn/files/products/2023/3/21/1/1682044807859_thumb_macbook_air_m1_8gb_256gb_didongviet.jpg
"APPLE MACBOOK PRO 2024 14"" M4 10‑CORE CPU/10‑CORE GPU 16GB/512GB (CTY)",39590000,39990000,1,0,0,huawei,N/A,N/A,N/A,N/A,N/A,N/A,N/A,N/A,N/A,N/A,N/A,N/A,N/A,N/A,N/A,N/A,N/A,N/A,N/A,N/A,N/A,N/A,didongviet.vn,apple-macbook-imac,laptops,https://didongviet.vn/apple-macbook-imac/macbook-pro-2024-14-inch-m4-10core-cpu-10core-gpu-16gb-512gb,"https://cdn-v2.didongviet.vn/files/products/2024/10/8/1/1731040614061_macbook_pro_14_inch_m4_chip_silver_pdp_image_position_1_vn_vi_ddv.jpg,https://cdn-v2.didongviet.vn/files/products/2024/10/8/1/1731047682409_macbook_pro_14_inch_m4_chip_silver_pdp_image_position_1_vn_vi.png,https://cdn-v2.didongviet.vn/files/products/2024/9/31/1/1730357541916_macbook_pro_14_inch_m4_chip_silver_pdp_image_position_2_vn_vi.png,https://cdn-v2.didongviet.vn/files/products/2024/9/31/1/1730357545507_macbook_pro_14_inch_m4_chip_silver_pdp_image_position_3_vn_vi.png,https://cdn-v2.didongviet.vn/files/products/2024/9/31/1/1730357549006_macbook_pro_14_inch_m4_chip_silver_pdp_image_position_4_vn_vi.png,https://cdn-v2.didongviet.vn/files/products/2024/9/31/1/1730357552658_macbook_pro_14_inch_m4_chip_silver_pdp_image_position_5_vn_vi.png,https://cdn-v2.didongviet.vn/files/products/2024/9/31/1/1730357557468_macbook_pro_14_inch_m4_chip_silver_pdp_image_position_6_vn_vi.png,https://cdn-v2.didongviet.vn/files/products/2024/9/31/1/1730357560856_macbook_pro_14_inch_m4_chip_silver_pdp_image_position_7_vn_vi.png,https://cdn-v2.didongviet.vn/files/products/2024/9/31/1/1730357563802_macbook_pro_14_inch_m4_chip_silver_pdp_image_position_8_vn_vi.png",https://cdn-v2.didongviet.vn/files/products/2024/10/8/1/1731040614061_macbook_pro_14_inch_m4_chip_silver_pdp_image_position_1_vn_vi_ddv.jpg
"APPLE MACBOOK PRO 2024 14"" M4 PRO 12‑CORE CPU/16‑CORE GPU 24GB/512GB (CTY)",49490000,49990000,1,0,0,huawei,N/A,N/A,N/A,N/A,N/A,N/A,N/A,N/A,N/A,N/A,N/A,N/A,N/A,N/A,N/A,N/A,N/A,N/A,N/A,N/A,N/A,N/A,didongviet.vn,apple-macbook-imac,laptops,https://didongviet.vn/apple-macbook-imac/macbook-pro-2024-14-inch-m4-pro-12core-cpu-16core-gpu-24gb-512gb,"https://cdn-v2.didongviet.vn/files/products/2024/10/8/1/1731041242534_macbook_pro_2024_14_inch_m4_pro_pro_max_didongviet.jpg,https://cdn-v2.didongviet.vn/files/products/2024/9/31/1/1730367357756_macbook_pro_2024_14_inch_m4_pro_pro_max_xam_didongviet.png,https://cdn-v2.didongviet.vn/files/products/2024/9/31/1/1730367359480_thumb_2_macbook_pro_2024_14_inch_m4_pro_pro_max_xam_didongviet.png,https://cdn-v2.didongviet.vn/files/products/2024/9/31/1/1730367364996_thumb_3_macbook_pro_2024_14_inch_m4_pro_pro_max_xam_didongviet.png,https://cdn-v2.didongviet.vn/files/products/2024/9/31/1/1730367366464_thumb_4_macbook_pro_2024_14_inch_m4_pro_pro_max_xam_didongviet.png,https://cdn-v2.didongviet.vn/files/products/2024/9/31/1/1730367367983_thumb_5_macbook_pro_2024_14_inch_m4_pro_pro_max_xam_didongviet.png,https://cdn-v2.didongviet.vn/files/products/2024/9/31/1/1730367373123_thumb_6_macbook_pro_2024_14_inch_m4_pro_pro_max_xam_didongviet.png,https://cdn-v2.didongviet.vn/files/products/2024/9/31/1/1730367375774_thumb_7_macbook_pro_2024_14_inch_m4_pro_pro_max_xam_didongviet.png,https://cdn-v2.didongviet.vn/files/products/2024/9/31/1/1730367377896_thumb_8_macbook_pro_2024_14_inch_m4_pro_pro_max_xam_didongviet.png",https://cdn-v2.didongviet.vn/files/products/2024/10/8/1/1731041242534_macbook_pro_2024_14_inch_m4_pro_pro_max_didongviet.jpg
"APPLE MACBOOK AIR 2024 15.3"" M3 8-Core CPU/10-Core GPU 8GB/512GB (CTY)",32790000,37990000,14,0,0,macbook air,N/A,N/A,N/A,N/A,N/A,N/A,N/A,N/A,N/A,N/A,N/A,N/A,N/A,N/A,N/A,N/A,N/A,N/A,N/A,N/A,N/A,N/A,didongviet.vn,apple-macbook-imac,laptops,https://didongviet.vn/apple-macbook-imac/macbook-air-m3-8gb-512gb-15-inch-2024,"https://cdn-v2.didongviet.vn/files/products/2024/2/5/1/1709613124789_thumb_macbook_air_m3_15_inch_8gb_512gb_didongviet.jpg,https://cdn-v2.didongviet.vn/files/products/2024/2/5/1/1709613128129_1_macbook_air_m3_den_didongviet.jpg,https://cdn-v2.didongviet.vn/files/products/2024/2/5/1/1709613129944_2_macbook_air_m3_den_didongviet.jpg,https://cdn-v2.didongviet.vn/files/products/2024/2/5/1/1709613131607_3_macbook_air_m3_den_didongviet.jpg,https://cdn-v2.didongviet.vn/files/products/2024/2/5/1/1709613133433_4_macbook_air_m3_den_didongviet.jpg,https://cdn-v2.didongviet.vn/files/products/2024/2/5/1/1709613135824_5_macbook_air_m3_den_didongviet.jpg,https://cdn-v2.didongviet.vn/files/products/2024/2/5/1/1709613248105_7_macbook_air_m3_den_didongviet.jpg",https://cdn-v2.didongviet.vn/files/products/2024/2/5/1/1709613124789_thumb_macbook_air_m3_15_inch_8gb_512gb_didongviet.jpg
APPLE MAC MINI M4 10‑CORE CPU/10‑CORE GPU 16GB/512GB (CTY) - MU9E3 - NEW,19790000,19990000,1,0,0,huawei,N/A,N/A,N/A,N/A,N/A,N/A,N/A,N/A,N/A,N/A,N/A,N/A,N/A,N/A,N/A,N/A,N/A,N/A,N/A,N/A,N/A,N/A,didongviet.vn,apple-macbook-imac,laptops,https://didongviet.vn/apple-macbook-imac/mac-mini-m4-10core-cpu-10core-gpu-16gb-512gb,"https://cdn-v2.didongviet.vn/files/products/2024/9/30/1/1730277517398_mac_mini_m4_10_core_cpu_10_core_gpu_didongviet.png,https://cdn-v2.didongviet.vn/files/products/2024/9/30/1/1730277519035_thumb_2_mac_mini_m4_10_core_cpu_10_core_gpu_didongviet.png,https://cdn-v2.didongviet.vn/files/products/2024/9/30/1/1730277520417_thumb_3_mac_mini_m4_10_core_cpu_10_core_gpu_didongviet.png,https://cdn-v2.didongviet.vn/files/products/2024/9/30/1/1730277522003_thumb_4_mac_mini_m4_10_core_cpu_10_core_gpu_didongviet.png,https://cdn-v2.didongviet.vn/files/products/2024/9/30/1/1730277523382_thumb_5_mac_mini_m4_10_core_cpu_10_core_gpu_didongviet.png,https://cdn-v2.didongviet.vn/files/products/2024/9/30/1/1730277525090_thumb_6_mac_mini_m4_10_core_cpu_10_core_gpu_didongviet.png,https://cdn-v2.didongviet.vn/files/products/2024/9/30/1/1730277527036_thumb_7_mac_mini_m4_10_core_cpu_10_core_gpu_didongviet.png,https://cdn-v2.didongviet.vn/files/products/2024/9/30/1/1730277528837_thumb_8_mac_mini_m4_10_core_cpu_10_core_gpu_didongviet.png",https://cdn-v2.didongviet.vn/files/products/2024/9/30/1/1730277517398_mac_mini_m4_10_core_cpu_10_core_gpu_didongviet.png
APPLE MAC MINI M4 10‑CORE CPU/10‑CORE GPU 16GB/256GB (CTY) - MU9D3 - NEW,14990000,14990000,0,0,0,huawei,N/A,N/A,N/A,N/A,N/A,N/A,N/A,N/A,N/A,N/A,N/A,N/A,N/A,N/A,N/A,N/A,N/A,N/A,N/A,N/A,N/A,N/A,didongviet.vn,apple-macbook-imac,laptops,https://didongviet.vn/apple-macbook-imac/mac-mini-m4-10core-cpu-10core-gpu-16gb-256gb,"https://cdn-v2.didongviet.vn/files/products/2024/9/30/1/1730276727107_mac_mini_m4_10_core_cpu_10_core_gpu_didongviet.png,https://cdn-v2.didongviet.vn/files/products/2024/9/30/1/1730276731370_thumb_2_mac_mini_m4_10_core_cpu_10_core_gpu_didongviet.png,https://cdn-v2.didongviet.vn/files/products/2024/9/30/1/1730276732771_thumb_3_mac_mini_m4_10_core_cpu_10_core_gpu_didongviet.png,https://cdn-v2.didongviet.vn/files/products/2024/9/30/1/1730276734507_thumb_4_mac_mini_m4_10_core_cpu_10_core_gpu_didongviet.png,https://cdn-v2.didongviet.vn/files/products/2024/9/30/1/1730276737068_thumb_5_mac_mini_m4_10_core_cpu_10_core_gpu_didongviet.png,https://cdn-v2.didongviet.vn/files/products/2024/9/30/1/1730276738964_thumb_6_mac_mini_m4_10_core_cpu_10_core_gpu_didongviet.png,https://cdn-v2.didongviet.vn/files/products/2024/9/30/1/1730276741778_thumb_7_mac_mini_m4_10_core_cpu_10_core_gpu_didongviet.png,https://cdn-v2.didongviet.vn/files/products/2024/9/30/1/1730276743721_thumb_8_mac_mini_m4_10_core_cpu_10_core_gpu_didongviet.png",https://cdn-v2.didongviet.vn/files/products/2024/9/30/1/1730276727107_mac_mini_m4_10_core_cpu_10_core_gpu_didongviet.png
"APPLE MACBOOK AIR 2022 13.6"" M2 8-Core CPU/8-Core GPU 8GB/256GB (CTY)",21990000,33990000,35,0,0,macbook air,N/A,N/A,N/A,N/A,N/A,N/A,N/A,N/A,N/A,N/A,N/A,N/A,N/A,N/A,N/A,N/A,N/A,N/A,N/A,N/A,N/A,N/A,didongviet.vn,apple-macbook-imac,laptops,https://didongviet.vn/apple-macbook-imac/macbook-air-m2-2022,"https://cdn-v2.didongviet.vn/files/products/2023/3/21/1/1682044876951_thumb_macbook_air_m2_8gb_256gb_didongviet.jpg,https://cdn-v2.didongviet.vn/files/products/2023/7/1/1/1690864999835_1_macbook_air_m2_didongviet.jpg,https://cdn-v2.didongviet.vn/files/products/2023/7/1/1/1690865001809_2_macbook_air_m2_didongviet.jpg,https://cdn-v2.didongviet.vn/files/products/2023/7/1/1/1690865004253_3_macbook_air_m2_didongviet.jpg,https://cdn-v2.didongviet.vn/files/products/2023/7/1/1/1690865019714_4_macbook_air_m2_didongviet.jpg",https://cdn-v2.didongviet.vn/files/products/2023/3/21/1/1682044876951_thumb_macbook_air_m2_8gb_256gb_didongviet.jpg
APPLE MAC MINI M4 10‑CORE CPU/10‑CORE GPU 24GB/512GB (CTY) - MCYT4 - NEW,24790000,24990000,1,0,0,huawei,N/A,N/A,N/A,N/A,N/A,N/A,N/A,N/A,N/A,N/A,N/A,N/A,N/A,N/A,N/A,N/A,N/A,N/A,N/A,N/A,N/A,N/A,didongviet.vn,apple-macbook-imac,laptops,https://didongviet.vn/apple-macbook-imac/apple-mac-mini-m4-10core-cpu-10core-gpu-24gb-512gb,"https://cdn-v2.didongviet.vn/files/products/2024/9/31/1/1730349006476_mac_mini_with_m4_silver_pdp_image_position_1_vn_vi.png,https://cdn-v2.didongviet.vn/files/products/2024/9/31/1/1730349010365_mac_mini_with_m4_silver_pdp_image_position_2_vn_vi.png,https://cdn-v2.didongviet.vn/files/products/2024/9/31/1/1730349014892_mac_mini_with_m4_silver_pdp_image_position_3_vn_vi.png,https://cdn-v2.didongviet.vn/files/products/2024/9/31/1/1730349027805_mac_mini_with_m4_silver_pdp_image_position_4_vn_vi.png,https://cdn-v2.didongviet.vn/files/products/2024/9/31/1/1730349039215_mac_mini_with_m4_silver_pdp_image_position_5_vn_vi.png,https://cdn-v2.didongviet.vn/files/products/2024/9/31/1/1730349051683_mac_mini_with_m4_silver_pdp_image_position_6_vn_vi.png,https://cdn-v2.didongviet.vn/files/products/2024/9/31/1/1730349063878_mac_mini_with_m4_silver_pdp_image_position_7_vn_vi.png,https://cdn-v2.didongviet.vn/files/products/2024/9/31/1/1730349068639_mac_mini_with_m4_silver_pdp_image_position_8_vn_vi.png",https://cdn-v2.didongviet.vn/files/products/2024/9/31/1/1730349006476_mac_mini_with_m4_silver_pdp_image_position_1_vn_vi.png
"APPLE MACBOOK PRO 14"" M3 PRO 18GB/512GB (CTY)",46290000,49999000,7,0,0,huawei,N/A,N/A,N/A,N/A,N/A,N/A,N/A,N/A,N/A,N/A,N/A,N/A,N/A,N/A,N/A,N/A,N/A,N/A,N/A,N/A,N/A,N/A,didongviet.vn,apple-macbook-imac,laptops,https://didongviet.vn/apple-macbook-imac/macbook-pro-m3-pro-2023,"https://cdn-v2.didongviet.vn/files/products/2023/9/31/1/1698734007966_thumb_macbook_pro_14_inch_m3_pro512gb_didongviet.jpg,https://cdn-v2.didongviet.vn/files/products/2023/10/1/1/1698821161399_1_macbook_pro_14_inch_m3_pro_max_den_didongviet.jpg,https://cdn-v2.didongviet.vn/files/products/2023/10/1/1/1698821163737_2_macbook_pro_14_inch_m3_pro_max_den_didongviet.jpg,https://cdn-v2.didongviet.vn/files/products/2023/10/1/1/1698821165769_3_macbook_pro_14_inch_m3_pro_max_den_didongviet.jpg,https://cdn-v2.didongviet.vn/files/products/2023/10/1/1/1698821168253_4_macbook_pro_14_inch_m3_pro_max_den_didongviet.jpg,https://cdn-v2.didongviet.vn/files/products/2023/10/1/1/1698821172842_5_macbook_pro_14_inch_m3_pro_max_den_didongviet.jpg,https://cdn-v2.didongviet.vn/files/products/2023/10/1/1/1698821177625_6_macbook_pro_14_inch_m3_pro_max_den_didongviet.jpg,https://cdn-v2.didongviet.vn/files/products/2023/10/1/1/1698821181358_7_macbook_pro_14_inch_m3_pro_max_den_didongviet.jpg,https://cdn-v2.didongviet.vn/files/products/2023/10/1/1/1698821184077_8_macbook_pro_14_inch_m3_pro_max_den_didongviet.jpg,https://cdn-v2.didongviet.vn/files/products/2023/10/1/1/1698821187790_9_macbook_pro_14_inch_m3_pro_max_den_didongviet.jpg",https://cdn-v2.didongviet.vn/files/products/2023/9/31/1/1698734007966_thumb_macbook_pro_14_inch_m3_pro512gb_didongviet.jpg
APPLE MAC MINI M4 PRO 12‑CORE CPU/16‑CORE GPU 24GB/512GB (CTY) - MCX44 - NEW,34990000,34990000,0,0,0,huawei,N/A,N/A,N/A,N/A,N/A,N/A,N/A,N/A,N/A,N/A,N/A,N/A,N/A,N/A,N/A,N/A,N/A,N/A,N/A,N/A,N/A,N/A,didongviet.vn,apple-macbook-imac,laptops,https://didongviet.vn/apple-macbook-imac/mac-mini-m4-pro-12core-cpu-16core-gpu-24gb-512gb,"https://cdn-v2.didongviet.vn/files/products/2024/9/31/1/1730351285668_mac_mini_with_m4_pro_silver_pdp_image_position_1_vn_vi.png,https://cdn-v2.didongviet.vn/files/products/2024/9/31/1/1730351292026_mac_mini_with_m4_pro_silver_pdp_image_position_2_vn_vi.png,https://cdn-v2.didongviet.vn/files/products/2024/9/31/1/1730351309683_mac_mini_with_m4_pro_silver_pdp_image_position_3_vn_vi.png,https://cdn-v2.didongviet.vn/files/products/2024/9/31/1/1730351317555_mac_mini_with_m4_pro_silver_pdp_image_position_4_vn_vi.png,https://cdn-v2.didongviet.vn/files/products/2024/9/31/1/1730351341867_mac_mini_with_m4_pro_silver_pdp_image_position_5_vn_vi.png,https://cdn-v2.didongviet.vn/files/products/2024/9/31/1/1730351349864_mac_mini_with_m4_pro_silver_pdp_image_position_6_vn_vi.png,https://cdn-v2.didongviet.vn/files/products/2024/9/31/1/1730351360523_mac_mini_with_m4_pro_silver_pdp_image_position_7_vn_vi.png,https://cdn-v2.didongviet.vn/files/products/2024/9/31/1/1730351365096_mac_mini_with_m4_pro_silver_pdp_image_position_8_vn_vi.png",https://cdn-v2.didongviet.vn/files/products/2024/9/31/1/1730351285668_mac_mini_with_m4_pro_silver_pdp_image_position_1_vn_vi.png
APPLE iMAC 2024 24' M4 8‑core CPU and 8‑core GPU 16GB/256GB  (CTY),33990000,34990000,3,0,0,oneplus,N/A,N/A,N/A,N/A,N/A,N/A,N/A,N/A,N/A,N/A,N/A,N/A,N/A,N/A,N/A,N/A,N/A,N/A,N/A,N/A,N/A,N/A,didongviet.vn,apple-macbook-imac,laptops,https://didongviet.vn/apple-macbook-imac/apple-imac-2024-24-m4-8core-cpu-and-8core-gpu-16gb-256gb,"https://cdn-v2.didongviet.vn/files/products/2024/9/29/1/1730174150972_imac_m4_chip_2_port_24_in_blue_pdp_image_position_1_vn_vi_1.png,https://cdn-v2.didongviet.vn/files/products/2024/9/29/1/1730174155583_imac_m4_chip_2_port_24_in_blue_pdp_image_position_2_vn_vi_1.png,https://cdn-v2.didongviet.vn/files/products/2024/9/29/1/1730174159778_imac_m4_chip_2_port_24_in_blue_pdp_image_position_3_vn_vi_1.png,https://cdn-v2.didongviet.vn/files/products/2024/9/29/1/1730174163727_imac_m4_chip_2_port_24_in_blue_pdp_image_position_4_vn_vi_1.png,https://cdn-v2.didongviet.vn/files/products/2024/9/29/1/1730174166981_imac_m4_chip_2_port_24_in_blue_pdp_image_position_5_vn_vi_1.png,https://cdn-v2.didongviet.vn/files/products/2024/9/29/1/1730174172211_imac_m4_chip_2_port_24_in_blue_pdp_image_position_6_vn_vi_1.png,https://cdn-v2.didongviet.vn/files/products/2024/9/29/1/1730174184296_imac_m4_chip_2_port_24_in_blue_pdp_image_position_7_vn_vi_1.png,https://cdn-v2.didongviet.vn/files/products/2024/9/29/1/1730174187871_imac_m4_chip_2_port_24_in_blue_pdp_image_position_8_vn_vi_1.png,https://cdn-v2.didongviet.vn/files/products/2024/9/29/1/1730174191318_imac_m4_chip_2_port_24_in_blue_pdp_image_position_9_vn_vi_1.png",https://cdn-v2.didongviet.vn/files/products/2024/9/29/1/1730174150972_imac_m4_chip_2_port_24_in_blue_pdp_image_position_1_vn_vi_1.png
APPLE iMAC 2024 24' M4 10‑core CPU and 10‑core GPU 16GB/256GB  (CTY),39690000,39990000,1,0,0,oneplus,N/A,N/A,N/A,N/A,N/A,N/A,N/A,N/A,N/A,N/A,N/A,N/A,N/A,N/A,N/A,N/A,N/A,N/A,N/A,N/A,N/A,N/A,didongviet.vn,apple-macbook-imac,laptops,https://didongviet.vn/apple-macbook-imac/apple-imac-2024-24-m4-10core-cpu-and-10core-gpu-16gb-256gb,"https://cdn-v2.didongviet.vn/files/products/2024/9/30/1/1730299440066_1730174150972_imac_m4_chip_2_port_24_in_blue_pdp_image_position_1_vn_vi_1.png,https://cdn-v2.didongviet.vn/files/products/2024/9/30/1/1730299443913_1730174155583_imac_m4_chip_2_port_24_in_blue_pdp_image_position_2_vn_vi_1.png,https://cdn-v2.didongviet.vn/files/products/2024/9/30/1/1730299457027_1730174159778_imac_m4_chip_2_port_24_in_blue_pdp_image_position_3_vn_vi_1.png,https://cdn-v2.didongviet.vn/files/products/2024/9/30/1/1730299495298_1730174163727_imac_m4_chip_2_port_24_in_blue_pdp_image_position_4_vn_vi_1.png,https://cdn-v2.didongviet.vn/files/products/2024/9/30/1/1730299516429_1730174166981_imac_m4_chip_2_port_24_in_blue_pdp_image_position_5_vn_vi_1.png,https://cdn-v2.didongviet.vn/files/products/2024/9/30/1/1730299562315_1730174172211_imac_m4_chip_2_port_24_in_blue_pdp_image_position_6_vn_vi_1.png,https://cdn-v2.didongviet.vn/files/products/2024/9/30/1/1730299575929_1730174184296_imac_m4_chip_2_port_24_in_blue_pdp_image_position_7_vn_vi_1.png,https://cdn-v2.didongviet.vn/files/products/2024/9/30/1/1730299583172_1730174187871_imac_m4_chip_2_port_24_in_blue_pdp_image_position_8_vn_vi_1.png,https://cdn-v2.didongviet.vn/files/products/2024/9/30/1/1730299594103_1730174191318_imac_m4_chip_2_port_24_in_blue_pdp_image_position_9_vn_vi_1.png",https://cdn-v2.didongviet.vn/files/products/2024/9/30/1/1730299440066_1730174150972_imac_m4_chip_2_port_24_in_blue_pdp_image_position_1_vn_vi_1.png
APPLE MAC STUDIO M2 ULTRA 64GB/1TB,109990000,109990000,0,0,0,anker,N/A,N/A,N/A,N/A,N/A,N/A,N/A,N/A,N/A,N/A,N/A,N/A,N/A,N/A,N/A,N/A,N/A,N/A,N/A,N/A,N/A,N/A,didongviet.vn,apple-macbook-imac,laptops,https://didongviet.vn/apple-macbook-imac/mac-studio-m2-ultra-2023-64gb-1tb,"https://cdn-v2.didongviet.vn/files/products/2023/5/6/1/1686034180431_thumb_mac_studio_2023_1tb_didongviet.jpg,https://cdn-v2.didongviet.vn/files/products/2023/5/6/1/1686034182610_2_mac_studio_2023_didongviet.jpg,https://cdn-v2.didongviet.vn/files/products/2023/5/6/1/1686034184566_3_mac_studio_2023_didongviet.jpg,https://cdn-v2.didongviet.vn/files/products/2023/5/6/1/1686034186879_4_mac_studio_2023_didongviet.jpg,https://cdn-v2.didongviet.vn/files/products/2023/5/6/1/1686034189907_5_mac_studio_2023_didongviet.jpg,https://cdn-v2.didongviet.vn/files/products/2023/5/6/1/1686034193318_6_mac_studio_2023_didongviet.jpg",https://cdn-v2.didongviet.vn/files/products/2023/5/6/1/1686034180431_thumb_mac_studio_2023_1tb_didongviet.jpg
APPLE iMAC 2024 24' M4 10‑core CPU and 10‑core GPU 24GB/512GB  (CTY),49990000,49990000,0,0,0,oneplus,N/A,N/A,N/A,N/A,N/A,N/A,N/A,N/A,N/A,N/A,N/A,N/A,N/A,N/A,N/A,N/A,N/A,N/A,N/A,N/A,N/A,N/A,didongviet.vn,apple-macbook-imac,laptops,https://didongviet.vn/apple-macbook-imac/imac-2024-24-inch-m4-10core-cpu-10core-gpu-24gb-512gb,"https://cdn-v2.didongviet.vn/files/products/2024/9/30/1/1730281997543_1730174150972_imac_m4_chip_2_port_24_in_blue_pdp_image_position_1_vn_vi_1.png,https://cdn-v2.didongviet.vn/files/products/2024/9/30/1/1730282000109_1730174155583_imac_m4_chip_2_port_24_in_blue_pdp_image_position_2_vn_vi_1.png,https://cdn-v2.didongviet.vn/files/products/2024/9/30/1/1730282002113_1730174159778_imac_m4_chip_2_port_24_in_blue_pdp_image_position_3_vn_vi_1.png,https://cdn-v2.didongviet.vn/files/products/2024/9/30/1/1730282003886_1730174163727_imac_m4_chip_2_port_24_in_blue_pdp_image_position_4_vn_vi_1.png,https://cdn-v2.didongviet.vn/files/products/2024/9/30/1/1730282007580_1730174166981_imac_m4_chip_2_port_24_in_blue_pdp_image_position_5_vn_vi_1.png,https://cdn-v2.didongviet.vn/files/products/2024/9/30/1/1730282009843_1730174172211_imac_m4_chip_2_port_24_in_blue_pdp_image_position_6_vn_vi_1.png,https://cdn-v2.didongviet.vn/files/products/2024/9/30/1/1730282012707_1730174184296_imac_m4_chip_2_port_24_in_blue_pdp_image_position_7_vn_vi_1.png,https://cdn-v2.didongviet.vn/files/products/2024/9/30/1/1730282014704_1730174187871_imac_m4_chip_2_port_24_in_blue_pdp_image_position_8_vn_vi_1.png,https://cdn-v2.didongviet.vn/files/products/2024/9/30/1/1730282019282_1730174191318_imac_m4_chip_2_port_24_in_blue_pdp_image_position_9_vn_vi_1.png",https://cdn-v2.didongviet.vn/files/products/2024/9/30/1/1730281997543_1730174150972_imac_m4_chip_2_port_24_in_blue_pdp_image_position_1_vn_vi_1.png
APPLE MAC PRO M2 ULTRA 64GB/1TB,179990000,179990000,0,0,0,mac,N/A,N/A,N/A,N/A,N/A,N/A,N/A,N/A,N/A,N/A,N/A,N/A,N/A,N/A,N/A,N/A,N/A,N/A,N/A,N/A,N/A,N/A,didongviet.vn,apple-macbook-imac,laptops,https://didongviet.vn/apple-macbook-imac/mac-pro-m2-ultra-2023-64gb-1tb,"https://cdn-v2.didongviet.vn/files/products/2023/5/6/1/1686035819161_thumb_mac_pro_2023_m2_ultra_didongviet.jpg,https://cdn-v2.didongviet.vn/files/products/2023/5/6/1/1686035821689_2_mac_pro_2023_m2_ultra_didongviet.jpg,https://cdn-v2.didongviet.vn/files/products/2023/5/6/1/1686035823930_3_mac_pro_2023_m2_ultra_didongviet.jpg,https://cdn-v2.didongviet.vn/files/products/2023/5/6/1/1686035825829_4_mac_pro_2023_m2_ultra_didongviet.jpg,https://cdn-v2.didongviet.vn/files/products/2023/5/6/1/1686035828221_5_mac_pro_2023_m2_ultra_didongviet.jpg,https://cdn-v2.didongviet.vn/files/products/2023/5/6/1/1686035830860_6_mac_pro_2023_m2_ultra_didongviet.jpg,https://cdn-v2.didongviet.vn/files/products/2023/5/6/1/1686035833039_7_mac_pro_2023_m2_ultra_didongviet.jpg,https://cdn-v2.didongviet.vn/files/products/2023/5/6/1/1686035835595_8_mac_pro_2023_m2_ultra_didongviet.jpg",https://cdn-v2.didongviet.vn/files/products/2023/5/6/1/1686035819161_thumb_mac_pro_2023_m2_ultra_didongviet.jpg
"APPLE MACBOOK AIR 2024 15.3"" M3 8-Core CPU/10-Core GPU 8GB/256GB (CTY)",29290000,32990000,11,0,0,macbook air,N/A,N/A,N/A,N/A,N/A,N/A,N/A,N/A,N/A,N/A,N/A,N/A,N/A,N/A,N/A,N/A,N/A,N/A,N/A,N/A,N/A,N/A,didongviet.vn,apple-macbook-imac,laptops,https://didongviet.vn/apple-macbook-imac/macbook-air-m3-8gb-256gb-15-inch-2024,"https://cdn-v2.didongviet.vn/files/products/2024/2/5/1/1709611920231_thumb_macbook_air_m3_15_inch_8gb_256gb_didongviet.jpg,https://cdn-v2.didongviet.vn/files/products/2024/2/5/1/1709611923004_1_macbook_air_m3_den_didongviet.jpg,https://cdn-v2.didongviet.vn/files/products/2024/2/5/1/1709611925161_2_macbook_air_m3_den_didongviet.jpg,https://cdn-v2.didongviet.vn/files/products/2024/2/5/1/1709611927653_3_macbook_air_m3_den_didongviet.jpg,https://cdn-v2.didongviet.vn/files/products/2024/2/5/1/1709611929407_4_macbook_air_m3_den_didongviet.jpg,https://cdn-v2.didongviet.vn/files/products/2024/2/5/1/1709611931432_5_macbook_air_m3_den_didongviet.jpg,https://cdn-v2.didongviet.vn/files/products/2024/2/5/1/1709613373437_7_macbook_air_m3_den_didongviet.jpg",https://cdn-v2.didongviet.vn/files/products/2024/2/5/1/1709611920231_thumb_macbook_air_m3_15_inch_8gb_256gb_didongviet.jpg
"APPLE MACBOOK PRO 2023 14"" M3 18GB/1TB (CTY)",44350000,44999000,1,0,0,huawei,N/A,N/A,N/A,N/A,N/A,N/A,N/A,N/A,N/A,N/A,N/A,N/A,N/A,N/A,N/A,N/A,N/A,N/A,N/A,N/A,N/A,N/A,didongviet.vn,apple-macbook-imac,laptops,https://didongviet.vn/apple-macbook-imac/macbook-pro-14-inch-m3-2023-1tb,"https://cdn-v2.didongviet.vn/files/products/2023/9/31/1/1698737526228_thumb_macbook_pro_14_inch_m3_1tb_didongviet.jpg,https://cdn-v2.didongviet.vn/files/products/2023/10/1/1/1698820605067_1_macbook_pro_m3_xam_didongviet.jpg,https://cdn-v2.didongviet.vn/files/products/2023/10/1/1/1698820607369_2_macbook_pro_m3_xam_didongviet.jpg,https://cdn-v2.didongviet.vn/files/products/2023/10/1/1/1698820611162_3_macbook_pro_m3_xam_didongviet.jpg,https://cdn-v2.didongviet.vn/files/products/2023/10/1/1/1698822884411_4_macbook_pro_m3_xam_didongviet.jpg,https://cdn-v2.didongviet.vn/files/products/2023/10/1/1/1698820615660_5_macbook_pro_m3_xam_didongviet.jpg,https://cdn-v2.didongviet.vn/files/products/2023/10/1/1/1698820618538_6_macbook_pro_m3_bac_didongviet.jpg,https://cdn-v2.didongviet.vn/files/products/2023/10/1/1/1698820620385_7_macbook_pro_m3_bac_didongviet.jpg,https://cdn-v2.didongviet.vn/files/products/2023/10/1/1/1698820621937_8_macbook_pro_m3_bac_didongviet.jpg,https://cdn-v2.didongviet.vn/files/products/2023/10/1/1/1698820624351_9_macbook_pro_m3_xam_didongviet.jpg",https://cdn-v2.didongviet.vn/files/products/2023/9/31/1/1698737526228_thumb_macbook_pro_14_inch_m3_1tb_didongviet.jpg
APPLE iMAC 2024 24' M4 10‑core CPU and 10‑core GPU 16GB/512GB  (CTY),44690000,44990000,1,0,0,oneplus,N/A,N/A,N/A,N/A,N/A,N/A,N/A,N/A,N/A,N/A,N/A,N/A,N/A,N/A,N/A,N/A,N/A,N/A,N/A,N/A,N/A,N/A,didongviet.vn,apple-macbook-imac,laptops,https://didongviet.vn/apple-macbook-imac/imac-2024-24-inch-m4-10core-cpu-10core-gpu-16gb-512gb,"https://cdn-v2.didongviet.vn/files/products/2024/9/30/1/1730279359981_1730174150972_imac_m4_chip_2_port_24_in_blue_pdp_image_position_1_vn_vi_1.png,https://cdn-v2.didongviet.vn/files/products/2024/9/30/1/1730279362037_1730174155583_imac_m4_chip_2_port_24_in_blue_pdp_image_position_2_vn_vi_1.png,https://cdn-v2.didongviet.vn/files/products/2024/9/30/1/1730279363628_1730174159778_imac_m4_chip_2_port_24_in_blue_pdp_image_position_3_vn_vi_1.png,https://cdn-v2.didongviet.vn/files/products/2024/9/30/1/1730279364964_1730174163727_imac_m4_chip_2_port_24_in_blue_pdp_image_position_4_vn_vi_1.png,https://cdn-v2.didongviet.vn/files/products/2024/9/30/1/1730279366281_1730174166981_imac_m4_chip_2_port_24_in_blue_pdp_image_position_5_vn_vi_1.png,https://cdn-v2.didongviet.vn/files/products/2024/9/30/1/1730279368113_1730174172211_imac_m4_chip_2_port_24_in_blue_pdp_image_position_6_vn_vi_1.png,https://cdn-v2.didongviet.vn/files/products/2024/9/30/1/1730279369890_1730174184296_imac_m4_chip_2_port_24_in_blue_pdp_image_position_7_vn_vi_1.png,https://cdn-v2.didongviet.vn/files/products/2024/9/30/1/1730279371368_1730174187871_imac_m4_chip_2_port_24_in_blue_pdp_image_position_8_vn_vi_1.png,https://cdn-v2.didongviet.vn/files/products/2024/9/30/1/1730279372783_1730174191318_imac_m4_chip_2_port_24_in_blue_pdp_image_position_9_vn_vi_1.png",https://cdn-v2.didongviet.vn/files/products/2024/9/30/1/1730279359981_1730174150972_imac_m4_chip_2_port_24_in_blue_pdp_image_position_1_vn_vi_1.png
APPLE iMAC 2024 M3 8‑core CPU and 10‑core GPU 512GB (CTY),46340000,46999000,1,0,0,oneplus,N/A,N/A,N/A,N/A,N/A,N/A,N/A,N/A,N/A,N/A,N/A,N/A,N/A,N/A,N/A,N/A,N/A,N/A,N/A,N/A,N/A,N/A,didongviet.vn,apple-macbook-imac,laptops,https://didongviet.vn/apple-macbook-imac/imac-24-inch-2023-m3-512gb,"https://cdn-v2.didongviet.vn/files/products/2023/9/31/1/1698748661947_thumb_imac_m3_2023_didongviet.jpg,https://cdn-v2.didongviet.vn/files/products/2023/10/1/1/1698826394484_1_imac_m3_2023_xanh_duongdidongviet.jpg,https://cdn-v2.didongviet.vn/files/products/2023/10/1/1/1698826556911_2_imac_m3_2023_xanh_duongdidongviet.jpg,https://cdn-v2.didongviet.vn/files/products/2023/10/1/1/1698826559664_3_imac_m3_2023_xanh_duongdidongviet.jpg,https://cdn-v2.didongviet.vn/files/products/2023/10/1/1/1698826563495_4_imac_m3_2023_xanh_duongdidongviet.jpg,https://cdn-v2.didongviet.vn/files/products/2023/10/1/1/1698826566282_5_imac_m3_2023_xanh_duongdidongviet.jpg,https://cdn-v2.didongviet.vn/files/products/2023/10/1/1/1698826568245_6_imac_m3_2023_xanh_duongdidongviet.jpg,https://cdn-v2.didongviet.vn/files/products/2023/10/1/1/1698826570025_7_imac_m3_2023_xanh_duongdidongviet.jpg,https://cdn-v2.didongviet.vn/files/products/2023/10/1/1/1698826574224_8_imac_m3_2023_xanh_duongdidongviet.jpg",https://cdn-v2.didongviet.vn/files/products/2023/9/31/1/1698748661947_thumb_imac_m3_2023_didongviet.jpg
APPLE iMAC 2023,0,39990000,100,0,0,oneplus,N/A,N/A,N/A,N/A,N/A,N/A,N/A,N/A,N/A,N/A,N/A,N/A,N/A,N/A,N/A,N/A,N/A,N/A,N/A,N/A,N/A,N/A,didongviet.vn,apple-macbook-imac,laptops,https://didongviet.vn/apple-macbook-imac/imac-24-inch-2023-m2-ultra,"https://cdn-v2.didongviet.vn/files/products/2023/5/5/1/1685945336508_imac_2023_didongviet.jpg,https://cdn-v2.didongviet.vn/files/products/2023/5/5/1/1685945770975_1_imac_2023_didongviet.jpg,https://cdn-v2.didongviet.vn/files/products/2023/5/5/1/1685945800920_2_imac_2023_didongviet.jpg",https://cdn-v2.didongviet.vn/files/products/2023/5/5/1/1685945336508_imac_2023_didongviet.jpg
APPLE IPHONE 16 Pro 128GB (CTY),27990000,28990000,3,0,0,iphone,N/A,N/A,N/A,N/A,N/A,N/A,N/A,N/A,Super Retina XDR,N/A,N/A,N/A,N/A,N/A,N/A,N/A,N/A,N/A,N/A,N/A,OLED 6.3 inch,N/A,didongviet.vn,dien-thoai,mobiles,https://didongviet.vn/dien-thoai/iphone-16-pro-128gb,"https://cdn-v2.didongviet.vn/files/products/2024/9/2/1/1727855633148_thumb_iphone_16_pro_trang_didongviet.jpg,https://cdn-v2.didongviet.vn/files/products/2024/8/12/1/1726107841625_2_iphone_16_pro_trang_didongviet.jpg,https://cdn-v2.didongviet.vn/files/products/2024/8/12/1/1726107844819_3_iphone_16_pro_trang_didongviet.jpg,https://cdn-v2.didongviet.vn/files/products/2024/8/12/1/1726107849887_4_iphone_16_pro_trang_didongviet.jpg,https://cdn-v2.didongviet.vn/files/products/2024/8/10/1/1725961922943_5_iphone_16_pro_den_didongviet.jpg,https://cdn-v2.didongviet.vn/files/products/2024/8/10/1/1725961925148_6_iphone_16_pro_den_didongviet.jpg,https://cdn-v2.didongviet.vn/files/products/2024/8/10/1/1725961927010_7_iphone_16_pro_den_didongviet.jpg,https://cdn-v2.didongviet.vn/files/products/2024/8/10/1/1725961931955_9_iphone_16_pro_den_didongviet.jpg,https://cdn-v2.didongviet.vn/files/products/2024/8/12/1/1726107854148_8_iphone_16_pro_trang_didongviet.jpg",https://cdn-v2.didongviet.vn/files/products/2024/9/2/1/1727855633148_thumb_iphone_16_pro_trang_didongviet.jpg
